Time,Lat,Lon,Roll,Pitch,Yaw,Hight,PWM1,PWM2
0,2,0,-0.932013,-0.180838,0.783314,0,0,3
0,2,0,-1.69969,-0.49934,1.67386,0,0,3
0,2,0,-2.401109,-0.81006,2.615226,0,0,3
0,2,0,-3.173694,-1.090735,3.503288,0,0,3
0,2,0,-3.68886,-1.273876,4.581749,0,0,3
0,2,0,-4.308183,-1.402764,5.605632,0,0,3
0,2,0,-4.598281,-1.482083,6.770778,0,0,3
0,2,0,-4.9458,-1.565252,7.914423,0,0,3
0,2,0,-5.258559,-1.680671,9.059342,0,0,3
0,2,0,-5.393487,-1.775322,10.239011,0,0,3
0,2,0,-5.439287,-1.820103,11.42573,0,0,3
0,2,0,-5.185762,-1.865348,12.594948,0,0,3
0,2,0,-4.948876,-1.740141,13.750106,0,0,3
0,2,0,-4.882346,-1.734104,14.914618,0,0,3
0,2,0,-4.710403,-1.726263,16.067097,0,0,3
0,2,0,-4.467352,-1.703321,17.194538,0,0,3
0,2,0,-4.148079,-1.540744,18.286558,0,0,3
0,2,0,-4.124666,-1.529559,19.403046,0,0,3
0,2,0,-3.849513,-1.471295,20.484293,0,0,3
0,2,0,-3.696426,-1.465452,21.5707,0,0,3
0,2,0,-3.233714,-1.285132,22.550301,0,0,3
0,2,0,-2.684971,-1.049128,23.44677,0,0,3
0,2,0,-2.761306,-1.179557,24.476944,0,0,3
0,2,0,-2.605449,-1.08286,25.482334,0,0,3
0,2,0,-2.245626,-1.018262,26.40258,0,0,3
0,2,0,-2.048374,-0.860355,27.302435,0,0,3
0,2,0,-2.152063,-1.001833,28.24906,0,0,3
0,2,0,-1.655172,-0.632593,28.958094,0,0,3
0,2,0,-1.581664,-0.533698,29.835421,0,0,3
0,2,0,-1.352926,-0.613527,30.619274,0,0,3
0,2,0,-0.839725,-0.141232,31.050385,0,0,3
0,2,0,-0.989898,-0.312396,31.818008,0,0,3
0,2,0,-1.0878,-0.337561,32.573742,0,0,3
0,2,0,-0.905256,-0.231568,33.166363,0,0,3
0,2,0,-0.72043,-0.282546,33.720043,0,0,3
0,2,0,-0.721102,-0.258392,34.333378,0,0,3
0,2,0,-0.891625,-0.397297,35.046535,0,0,3
0,2,0,-0.565779,-0.188381,35.546822,0,0,3
0,2,0,-0.411896,0.422596,35.626957,0,0,3
0,2,0,-0.31749,0.173651,36.079132,0,0,3
0,2,0,-0.607374,0.11238,36.585003,0,0,3
0,2,0,-0.454138,-0.013005,37.004925,0,0,3
0,2,0,0.075485,0.206446,36.871971,0,0,3
0,2,0,0.039713,0.364488,37.112251,0,0,3
0,2,0,-0.410762,0.095314,37.565308,0,0,3
0,2,0,-0.030781,0.320801,37.6744,0,0,3
0,2,0,0.011767,0.708733,37.565239,0,0,3
0,2,0,-0.218284,0.516358,37.916908,0,0,3
0,2,0,-0.242264,0.426142,38.179214,0,0,3
0,2,0,-0.003927,0.086075,38.381187,0,0,3
0,2,0,0.115579,0.195512,38.551132,0,0,3
0,2,0,0.163065,0.3479,38.668621,0,0,3
0,2,0,0.277702,0.896239,38.269447,0,0,3
0,2,0,0.03048,0.292305,38.630241,0,0,3
0,2,0,0.40222,0.654106,38.389553,0,0,3
0,2,0,0.321125,0.675125,38.321495,0,0,3
0,2,0,0.030774,0.355364,38.493973,0,0,3
0,2,0,0.460562,0.788246,37.97028,0,0,3
0,2,0,0.03,0.345685,38.357578,0,0,3
0,2,0,0.461983,0.503977,37.962025,0,0,3
0,2,0,0.160926,0.435456,37.766788,0,0,3
0,2,0,-0.070526,0.115006,37.984707,0,0,3
0,2,0,0.448619,0.705095,37.552345,0,0,3
0,2,0,0.055069,0.27383,37.756741,0,0,3
0,2,0,-0.287689,0.366511,37.970001,0,0,3
0,2,0,-0.470792,0.410881,38.255527,0,0,3
0,2,0,0.079752,0.475331,38.174789,0,0,3
0,2,0,-0.319914,0.165914,38.526184,0,0,3
0,2,0,0.023362,0.544776,38.274117,0,0,3
0,2,0,-0.036085,0.620037,38.152321,0,0,3
0,2,0,0.212793,0.53731,38.124779,0,0,3
0,2,0,-0.135292,0.183227,38.458752,0,0,3
0,2,0,0.451609,-0.768804,38.469841,0,0,3
0,2,0,1.074999,-1.040203,38.48843,0,0,3
0,2,0,0.14002,-0.542553,38.299553,0,0,3
0,2,0,0.010218,0.469864,38.410511,0,0,3
0,2,0,-0.126693,0.394701,38.780994,0,0,3
0,2,0,0.258154,1.30658,38.11412,0,0,3
0,2,0,0.405616,1.328241,37.79438,0,0,3
0,2,0,0.092085,1.535446,37.300499,0,0,3
0,2,0,0.191985,0.556711,37.138115,0,0,3
0,2,0,0.969849,0.699384,36.313358,0,0,3
0,2,0,0.385997,1.153473,35.659531,0,0,3
0,2,0,-0.117945,0.657462,35.902237,0,0,3
0,2,0,-0.263256,0.117936,35.985752,0,0,3
0,2,0,0.684343,0.497438,35.331013,0,0,3
0,2,0,0.892456,1.132507,34.391644,0,0,3
0,2,0,0.98059,1.516833,33.352917,0,0,3
0,2,0,1.062993,1.686438,32.402206,0,0,3
0,2,0,0.239459,0.964064,32.294594,0,0,3
0,2,0,0.900457,1.340418,31.386057,0,0,3
0,2,0,0.81381,1.442927,30.654896,0,0,3
0,2,0,0.406616,0.77089,30.060278,0,0,3
0,2,0,1.066479,0.941011,29.610666,0,0,3
0,2,0,0.353453,0.563858,29.138964,0,0,3
0,2,0,0.423243,0.336194,29.449017,0,0,3
0,2,0,0.903944,1.042208,28.727234,0,0,3
0,2,0,-0.045682,0.52932,28.584829,0,0,3
0,2,0,0.562708,-0.045519,27.783598,0,0,3
0,2,0,-0.335206,0.46079,27.703056,0,0,3
0,2,0,0.523674,0.920838,27.000982,0,0,3
0,2,0,1.037756,0.651944,26.084101,0,0,3
0,2,0,1.810541,0.258745,25.47645,0,0,3
0,2,0,0.938321,0.907261,25.384491,0,0,3
0,2,0,0.138722,0.953934,24.943377,0,0,3
0,2,0,0.403004,0.825438,24.957298,0,0,3
0,2,0,0.63483,1.234477,24.337078,0,0,3
0,2,0,0.547148,0.118776,24.282555,0,0,3
0,2,0,0.79086,1.056977,23.870501,0,0,3
0,2,0,-0.160742,0.52949,24.173046,0,0,3
0,2,0,-0.143025,1.221564,24.146208,0,0,3
0,2,0,0.847497,0.96377,23.550379,0,0,3
0,2,0,1.523701,1.20668,22.566782,0,0,3
0,2,0,0.442382,0.982368,22.094488,0,0,3
0,2,0,-0.347711,1.229763,21.960424,0,0,3
0,2,0,0.640621,0.712685,21.742352,0,0,3
0,2,0,-0.045348,0.977598,21.619045,0,0,3
0,2,0,0.731895,0.382664,21.53196,0,0,3
0,2,0,-0.16085,0.649752,21.855591,0,0,3
0,2,0,-0.357931,0.333014,22.62701,0,0,3
0,2,0,0.609813,0.739494,22.101736,0,0,3
0,2,0,-0.260179,0.360421,22.566034,0,0,3
0,2,0,0.662495,0.720686,22.702972,0,0,3
0,2,0,-0.119541,0.232921,23.093451,0,0,3
0,2,0,0.112296,0.106194,23.710209,0,0,3
0,2,0,0.965391,0.611089,22.991747,0,0,3
0,2,0,0.219583,1.029316,22.733015,0,0,3
0,2,0,0.627436,0.275322,22.518238,0,0,3
0,2,0,-0.273714,0.616304,22.737743,0,0,3
0,2,0,0.65813,0.312829,22.108555,0,0,3
0,2,0,-0.088816,1.08605,21.859331,0,0,3
0,2,0,0.68892,1.4791,21.187893,0,0,3
0,2,0,0.742452,0.392896,20.79718,0,0,3
0,2,0,-0.008984,-0.150831,20.464043,0,0,3
0,2,0,-0.149699,0.892538,20.474037,0,0,3
0,2,0,-0.576563,-0.228764,20.553509,0,0,3
0,2,0,0.568432,-0.058615,20.296141,0,0,3
0,2,0,-0.426477,-0.191925,20.764624,0,0,3
0,2,0,0.08804,0.816954,20.882421,0,0,3
0,2,0,0.205645,0.448697,20.163183,0,0,3
0,2,0,-0.277314,1.046887,20.510866,0,0,3
0,2,0,0.765001,1.091565,19.923042,0,0,3
0,2,0,-0.184784,0.450791,20.178299,0,0,3
0,2,0,0.708355,0.320754,19.692539,0,0,3
0,2,0,-0.220117,0.522549,19.989147,0,0,3
0,2,0,0.775905,0.610712,19.302145,0,0,3
0,2,0,0.001075,-0.082146,19.573477,0,0,3
0,2,0,0.820398,0.570956,19.10763,0,0,3
0,2,0,-0.272037,0.739748,18.7013,0,0,3
0,2,0,0.549032,0.744315,18.03496,0,0,3
0,2,0,-0.605088,0.67693,18.246471,0,0,3
0,2,0,0.475905,0.787341,17.672211,0,0,3
0,2,0,-0.371041,0.611928,16.964533,0,0,3
0,2,0,0.730151,0.17196,16.820324,0,0,3
0,2,0,-0.329899,0.392811,17.237242,0,0,3
0,2,0,0.752134,0.426569,16.665813,0,0,3
0,2,0,-0.300327,0.501678,17.185585,0,0,3
0,2,0,0.698444,0.563778,16.552778,0,0,3
0,2,0,-0.315878,0.42151,17.137999,0,0,3
0,2,0,0.409611,-0.089979,17.485573,0,0,3
0,2,0,-0.086681,0.91502,17.55909,0,0,3
0,2,0,0.518781,0.425962,16.675751,0,0,3
0,2,0,1.164786,0.784994,15.714368,0,0,3
0,2,0,0.035929,0.372314,15.86707,0,0,3
0,2,0,-1.097026,0.315649,16.21628,0,0,3
0,2,0,0.047743,0.211517,15.809166,0,0,3
0,2,0,-1.01277,0.507016,16.234261,0,0,3
0,2,0,0.098166,0.885779,15.901772,0,0,3
0,2,0,0.758834,-0.059735,15.76839,0,0,3
0,2,0,1.242605,0.929219,15.26167,0,0,3
0,2,0,0.096558,0.532209,15.17246,0,0,3
0,2,0,0.335624,1.106002,14.124932,0,0,3
0,2,0,-0.258867,0.292111,14.774679,0,0,3
0,2,0,0.884396,0.434571,14.400476,0,0,3
0,2,0,0.499782,1.153186,13.546529,0,0,3
0,2,0,-0.052857,0.342539,14.183494,0,0,3
0,2,0,-0.325366,0.804532,15.054797,0,0,3
0,2,0,0.643766,0.108719,14.882894,0,0,3
0,2,0,0.711569,1.113818,14.219263,0,0,3
0,2,0,-0.253628,0.40077,14.334253,0,0,3
0,2,0,-0.876337,0.341214,15.24649,0,0,3
0,2,0,0.195615,0.566306,14.694329,0,0,3
0,2,0,0.193651,-0.073289,15.353119,0,0,3
0,2,0,0.12946,1.059818,15.3922,0,0,3
0,2,0,0.375413,0.081837,14.723429,0,0,3
0,2,0,-0.404421,0.878907,14.820164,0,0,3
0,2,0,0.539688,0.288094,14.34226,0,0,3
0,2,0,-0.479561,-0.333876,14.461814,0,0,3
0,2,0,-0.148318,0.775525,14.184462,0,0,3
0,2,0,1.006123,0.766177,13.830804,0,0,3
0,2,0,-0.178457,0.846158,13.605689,0,0,3
0,2,0,0.865265,0.638947,13.000223,0,0,3
0,2,0,0.24421,0.243728,13.872525,0,0,3
0,2,0,-0.401431,-0.154786,14.701555,0,0,3
0,2,0,0.236006,0.855465,14.64758,0,0,3
0,2,0,1.086465,0.910425,13.757506,0,0,3
0,2,0,-0.021887,0.441431,13.59936,0,0,3
0,2,0,0.579004,0.960718,12.994648,0,0,3
0,2,0,1.148155,0.505796,12.081026,0,0,3
0,2,0,-0.042689,0.743145,11.989229,0,0,3
0,2,0,1.058437,0.556106,11.508832,0,0,3
0,2,0,-0.140592,0.692496,11.66216,0,0,3
0,2,0,0.714747,0.26078,10.894964,0,0,3
0,2,0,-0.278475,0.939521,11.037262,0,0,3
0,2,0,0.912567,1.018991,10.763682,0,0,3
0,2,0,-0.164933,0.591693,11.160827,0,0,3
0,2,0,0.791496,0.26723,10.482307,0,0,3
0,2,0,-0.412275,0.134291,10.365593,0,0,3
0,2,0,0.769345,0.284473,10.093781,0,0,3
0,2,0,1.216447,1.168929,10.691953,0,0,3
0,2,0,0.124741,0.999185,11.20797,0,0,3
0,2,0,-0.085255,-0.080387,11.675423,0,0,3
0,2,0,0.329466,1.03024,11.781758,0,0,3
0,2,0,0.964954,0.755453,10.767612,0,0,3
0,2,0,-0.233593,0.949777,10.790522,0,0,3
0,2,0,0.831021,1.12166,10.205959,0,0,3
0,2,0,-0.051504,0.436063,10.688044,0,0,3
0,2,0,0.40988,0.992992,9.76384,0,0,3
0,2,0,-0.093949,0.03096,9.214142,0,0,3
0,2,0,-0.12783,1.134127,9.676485,0,0,3
0,2,0,0.52617,0.285115,10.164674,0,0,3
0,2,0,-0.443684,0.502593,10.860538,0,0,3
0,2,0,-0.876983,0.387711,11.882034,0,0,3
0,2,0,0.26953,0.683919,11.959417,0,0,3
0,2,0,-0.744563,0.04085,11.865714,0,0,3
0,2,0,-0.028375,-0.074785,10.890739,0,0,3
0,2,0,0.120548,1.041773,10.474461,0,0,3
0,2,0,-0.283021,0.011729,10.970195,0,0,3
0,2,0,0.877055,0.123697,10.61061,0,0,3
0,2,0,1.317543,1.179483,10.186202,0,0,3
0,2,0,0.129641,0.951544,10.030389,0,0,3
0,2,0,0.678681,-0.10037,9.777709,0,0,3
0,2,0,0.881098,0.821687,9.001799,0,0,3
0,2,0,-0.061836,0.761319,9.77639,0,0,3
0,2,0,0.835024,0.084155,9.292613,0,0,3
0,2,0,-0.048366,0.917167,9.191149,0,0,3
0,2,0,-0.565624,0.164464,9.976509,0,0,3
0,2,0,-0.85545,1.053236,10.682716,0,0,3
0,2,0,0.244049,0.554864,10.495006,0,0,3
0,2,0,0.807133,0.784351,9.427057,0,0,3
0,2,0,-0.100388,0.13749,9.916709,0,0,3
0,2,0,-1.065414,0.829715,10.096033,0,0,3
0,2,0,0.037447,0.805151,9.551601,0,0,3
0,2,0,-1.101521,0.456353,9.510108,0,0,3
0,2,0,0.057294,0.553041,9.116899,0,0,3
0,2,0,0.951472,0.64548,8.27969,0,0,3
0,2,0,0.511227,-0.487367,8.183863,0,0,3
0,2,0,-0.092675,0.571264,8.212763,0,0,3
0,2,0,1.057738,0.288181,7.910978,0,0,3
0,2,0,0.066882,1.002342,7.955172,0,0,3
0,2,0,-0.218061,0.069182,8.665724,0,0,3
0,2,0,-0.638688,1.167307,8.957625,0,0,3
0,2,0,0.374334,0.777639,8.378934,0,0,3
0,2,0,0.681538,0.054198,7.440666,0,0,3
0,2,0,-0.395632,0.17961,7.998234,0,0,3
0,2,0,0.080672,1.205013,8.40675,0,0,3
0,2,0,0.322482,0.079897,8.01043,0,0,3
0,2,0,-0.604038,0.837285,8.2154,0,0,3
0,2,0,0.499644,0.577788,7.745935,0,0,3
0,2,0,-0.480539,1.296128,7.707799,0,0,3
0,2,0,-0.073765,0.17921,7.945506,0,0,3
0,2,0,0.751231,0.835025,7.31805,0,0,3
0,2,0,-0.412098,0.53894,7.540707,0,0,3
0,2,0,0.703625,0.771307,7.089124,0,0,3
0,2,0,-0.295765,0.520716,7.753129,0,0,3
0,2,0,0.835515,0.270121,7.361429,0,0,3
0,2,0,-0.331981,0.350357,7.710709,0,0,3
0,2,0,0.857697,0.538099,7.710796,0,0,3
0,2,0,-0.297099,0.380691,8.082099,0,0,3
0,2,0,0.500708,1.064997,7.449103,0,0,3
0,2,0,-0.352298,0.227865,7.700645,0,0,3
0,2,0,0.811455,0.222352,7.319244,0,0,3
0,2,0,-0.25361,0.81539,7.238794,0,0,3
0,2,0,0.130201,-0.122141,7.899486,0,0,3
0,2,0,-0.552796,0.404168,8.745676,0,0,3
0,2,0,0.60736,0.6558,8.448692,0,0,3
0,2,0,-0.050628,0.249844,7.509497,0,0,3
0,2,0,-1.067377,0.771364,7.105126,0,0,3
0,2,0,0.113275,0.637727,7.367503,0,0,3
0,2,0,-0.55466,0.775839,8.379168,0,0,3
0,2,0,0.45664,0.213323,8.739931,0,0,3
0,2,0,0.403192,0.985716,7.796165,0,0,3
0,2,0,-0.370648,0.137835,8.209417,0,0,3
0,2,0,0.577345,0.784892,7.784997,0,0,3
0,2,0,0.077578,0.368616,6.757314,0,0,3
0,2,0,0.164443,1.079985,5.765653,0,0,3
0,2,0,-0.680618,0.545027,6.473239,0,0,3
0,2,0,0.440628,0.944669,6.176608,0,0,3
0,2,0,-0.489199,0.438183,6.791542,0,0,3
0,2,0,-1.146791,0.185927,7.77718,0,0,3
0,2,0,0.048478,0.392944,7.623424,0,0,3
0,2,0,-0.975015,0.360366,8.282104,0,0,3
0,2,0,0.129707,0.54249,7.78468,0,0,3
0,2,0,-0.385652,-0.004243,8.713454,0,0,3
0,2,0,0.614664,0.389821,8.130484,0,0,3
0,2,0,-0.48041,0.691313,8.582361,0,0,3
0,2,0,0.615191,0.540986,8.048167,0,0,3
0,2,0,-0.408306,1.168869,7.848393,0,0,3
0,2,0,0.183859,0.12145,7.970562,0,0,3
0,2,0,0.580034,0.9944,7.211782,0,0,3
0,2,0,-0.573461,0.734788,7.53437,0,0,3
0,2,0,0.022412,-0.122039,8.142175,0,0,3
0,2,0,0.830739,0.498395,7.4653,0,0,3
0,2,0,-0.351635,0.519664,7.158728,0,0,3
0,2,0,0.800936,0.562864,6.741589,0,0,3
0,2,0,-0.348644,0.676637,7.148487,0,0,3
0,2,0,0.404389,1.127088,6.306376,0,0,3
0,2,0,-0.684553,0.597583,6.495225,0,0,3
0,2,0,0.44795,0.604323,6.033758,0,0,3
0,2,0,-0.418555,1.350706,5.624937,0,0,3
0,2,0,0.326327,0.796064,6.399736,0,0,3
0,2,0,1.501225,1.11315,6.313608,0,0,3
0,2,0,0.306856,0.875258,6.206252,0,0,3
0,2,0,-0.292534,-0.176201,6.333838,0,0,3
0,2,0,-0.058882,1.005671,6.141024,0,0,3
0,2,0,-0.384186,0.243806,7.030845,0,0,3
0,2,0,0.669851,0.753995,6.667708,0,0,3
0,2,0,-0.508859,0.696859,6.998372,0,0,3
0,2,0,0.603519,0.411719,6.5668,0,0,3
0,2,0,-0.162802,1.335387,6.352734,0,0,3
0,2,0,0.579062,0.484388,5.874246,0,0,3
0,2,0,0.776478,0.723133,4.693258,0,0,3
0,2,0,-0.173955,0.356584,5.376709,0,0,3
0,2,0,-1.253216,0.878804,5.616164,0,0,3
0,2,0,-0.057271,0.78485,5.823577,0,0,3
0,2,0,-0.217018,-0.353637,6.170399,0,0,3
0,2,0,0.102172,0.817285,6.05145,0,0,3
0,2,0,-0.982938,0.406539,6.443626,0,0,3
0,2,0,0.116346,0.227731,5.937534,0,0,3
0,2,0,-0.650824,1.141352,6.205839,0,0,3
0,2,0,0.397957,0.515737,6.163122,0,0,3
0,2,0,1.335938,0.928896,5.485115,0,0,3
0,2,0,0.238949,0.534997,5.867271,0,0,3
0,2,0,0.293057,1.130841,4.801534,0,0,3
0,2,0,-0.595537,0.293471,4.842454,0,0,3
0,2,0,0.5546,0.28462,4.419301,0,0,3
0,2,0,-0.515571,0.424084,5.001709,0,0,3
0,2,0,0.651486,0.170144,4.73131,0,0,3
0,2,0,-0.34755,0.541564,5.332644,0,0,3
0,2,0,0.824761,0.237645,5.153591,0,0,3
0,2,0,-0.096777,1.022679,5.31722,0,0,3
0,2,0,0.511129,-0.006418,5.071881,0,0,3
0,2,0,-0.255196,0.877044,5.422409,0,0,3
0,2,0,0.792002,0.674031,4.811756,0,0,3
0,2,0,-0.38192,0.797994,5.150154,0,0,3
0,2,0,0.253451,1.835624,5.084366,0,0,3
0,2,0,-0.531889,0.930634,4.87521,0,0,3
0,2,0,0.354296,0.135022,4.601149,0,0,3
0,2,0,-0.00999,1.248701,4.952854,0,0,3
0,2,0,0.57204,0.196094,5.161327,0,0,3
0,2,0,1.444128,0.745422,4.501401,0,0,3
0,2,0,0.251267,0.939744,4.705053,0,0,3
0,2,0,-0.231635,0.738178,3.607237,0,0,3
0,2,0,-0.966218,0.427794,4.538836,0,0,3
0,2,0,0.129781,0.741573,4.08219,0,0,3
0,2,0,1.174218,0.418972,3.523089,0,0,3
0,2,0,0.039724,0.787824,3.809039,0,0,3
0,2,0,-1.085488,0.843907,4.279492,0,0,3
0,2,0,0.067025,0.873567,3.849754,0,0,3
0,2,0,-0.511447,-0.160769,4.145097,0,0,3
0,2,0,0.078772,0.781779,4.636769,0,0,3
0,2,0,-0.605813,0.783854,5.650135,0,0,3
0,2,0,0.497609,0.430224,5.246897,0,0,3
0,2,0,-0.458283,0.390088,6.009652,0,0,3
0,2,0,0.579614,0.68042,5.423993,0,0,3
0,2,0,-0.613629,0.461158,5.589016,0,0,3
0,2,0,0.425189,-0.095657,5.889119,0,0,3
0,2,0,-0.620695,0.172897,6.455612,0,0,3
0,2,0,0.455124,0.488605,5.958651,0,0,3
0,2,0,1.132647,0.72192,4.96073,0,0,3
0,2,0,-0.052508,0.829864,5.26042,0,0,3
0,2,0,0.90181,0.392918,4.623486,0,0,3
0,2,0,-0.278117,0.581493,4.89041,0,0,3
0,2,0,0.9244,0.733806,4.708055,0,0,3
0,2,0,-0.265681,0.455138,4.70952,0,0,3
0,2,0,0.900506,0.798318,4.820344,0,0,3
0,2,0,0.106549,0.912972,3.907849,0,0,3
0,2,0,-0.164758,-0.155054,4.428852,0,0,3
0,2,0,0.364001,0.941904,4.351266,0,0,3
0,2,0,-0.118456,-0.121898,4.001276,0,0,3
0,2,0,-0.790567,0.732451,4.55638,0,0,3
0,2,0,0.342138,0.30958,4.35956,0,0,3
0,2,0,0.97461,1.102301,3.672815,0,0,3
0,2,0,0.010865,0.373552,3.5034,0,0,3
0,2,0,-0.576415,1.380287,3.866717,0,0,3
0,2,0,-0.762175,0.27192,4.342445,0,0,3
0,2,0,0.359693,0.636493,4.648102,0,0,3
0,2,0,0.461602,-0.551338,4.389467,0,0,3
0,2,0,0.667131,0.481468,3.773565,0,0,3
0,2,0,-0.438878,0.584477,4.295548,0,0,3
0,2,0,0.765533,0.632443,4.073244,0,0,3
0,2,0,-0.346593,0.288809,4.46279,0,0,3
0,2,0,-0.975687,0.593393,5.464746,0,0,3
0,2,0,0.227742,0.552003,5.242229,0,0,3
0,2,0,-0.682345,1.346267,5.424163,0,0,3
0,2,0,0.360036,0.927547,4.920192,0,0,3
0,2,0,-0.030108,0.476051,3.860518,0,0,3
0,2,0,-0.368159,0.878366,4.959821,0,0,3
0,2,0,0.821187,0.747332,4.691453,0,0,3
0,2,0,-0.1828,0.227844,4.233674,0,0,3
0,2,0,0.528094,1.107765,3.76348,0,0,3
0,2,0,-0.535116,0.794419,4.298745,0,0,3
0,2,0,0.485526,0.470197,3.700042,0,0,3
0,2,0,-0.614605,0.58087,4.230017,0,0,3
0,2,0,0.526129,0.790618,3.828298,0,0,3
0,2,0,1.32339,0.635298,2.903708,0,0,3
0,2,0,0.135387,0.616314,3.20989,0,0,3
0,2,0,0.368136,-0.531026,3.553274,0,0,3
0,2,0,-0.277412,0.44681,3.212168,0,0,3
0,2,0,0.439983,0.077268,2.300797,0,0,3
0,2,0,-0.23764,0.963387,2.810966,0,0,3
0,2,0,0.882248,0.617917,2.459149,0,0,3
0,2,0,0.604129,1.760974,2.143348,0,0,3
0,2,0,-0.289475,1.036482,2.576594,0,0,3
0,2,0,0.692667,0.369275,2.279108,0,0,3
0,2,0,-0.389078,0.534711,2.834398,0,0,3
0,2,0,0.721756,0.701306,2.34052,0,0,3
0,2,0,-0.483683,0.542395,2.481914,0,0,3
0,2,0,0.596993,1.024272,2.161145,0,0,3
0,2,0,-0.161751,0.22111,2.689784,0,0,3
0,2,0,-0.30551,1.378015,3.044038,0,0,3
0,2,0,-0.599842,0.371464,3.671266,0,0,3
0,2,0,0.349335,0.455279,2.899435,0,0,3
0,2,0,1.469945,0.076413,2.579685,0,0,3
0,2,0,0.262604,-0.050999,2.720762,0,0,3
0,2,0,-0.916498,-0.34958,2.836004,0,0,3
0,2,0,0.047502,0.342952,3.129869,0,0,3
0,2,0,-0.318166,0.670803,4.257615,0,0,3
0,2,0,0.85525,0.649226,3.902879,0,0,3
0,2,0,1.649789,0.877718,2.993971,0,0,3
0,2,0,0.434166,0.745524,3.020096,0,0,3
0,2,0,0.559335,0.532642,1.820999,0,0,3
0,2,0,-0.457656,-0.094762,1.56498,0,0,3
0,2,0,0.581803,0.280599,1.042933,0,0,3
0,2,0,-0.495534,0.086796,1.590106,0,0,3
0,2,0,0.495809,0.728373,1.263562,0,0,3
0,2,0,-0.623454,0.375329,1.616828,0,0,3
0,2,0,0.477502,0.820874,1.315566,0,0,3
0,2,0,-0.60111,0.729714,1.899599,0,0,3
0,2,0,0.490039,0.649686,1.337434,0,0,3
0,2,0,-0.597219,1.097536,1.692187,0,0,3
0,2,0,0.52498,0.614518,1.625721,0,0,3
0,2,0,-0.601157,0.173566,1.455522,0,0,3
0,2,0,0.51767,0.430361,1.025272,0,0,3
0,2,0,-0.478501,0.543689,1.734376,0,0,3
0,2,0,0.601408,0.438008,1.161674,0,0,3
0,2,0,-0.484867,0.945809,1.410258,0,0,3
0,2,0,-0.497556,-0.269782,1.333311,0,0,3
0,2,0,0.683191,0.048467,1.376043,0,0,3
0,2,0,-0.35223,-0.02112,2.022526,0,0,3
0,2,0,0.653986,0.501408,1.561674,0,0,3
0,2,0,-0.484533,0.810894,1.896647,0,0,3
0,2,0,0.598547,0.301503,2.131972,0,0,3
0,2,0,-0.411504,0.874289,2.521371,0,0,3
0,2,0,-0.880882,-0.050721,3.168498,0,0,3
0,2,0,0.307007,0.2181,3.064041,0,0,3
0,2,0,-0.005379,1.328849,2.675245,0,0,3
0,2,0,0.243896,0.158742,2.436083,0,0,3
0,2,0,0.222555,1.378349,2.441608,0,0,3
0,2,0,0.451822,0.234944,2.07802,0,0,3
0,2,0,-0.601902,0.555912,2.61462,0,0,3
0,2,0,0.520838,0.335381,2.171034,0,0,3
0,2,0,-0.398519,0.484413,2.970353,0,0,3
0,2,0,0.668574,0.913538,2.541918,0,0,3
0,2,0,0.93082,-0.082176,1.888008,0,0,3
0,2,0,0.440839,1.030564,1.80763,0,0,3
0,2,0,-0.459916,1.489478,2.521166,0,0,3
0,2,0,0.602983,1.16125,1.995088,0,0,3
0,2,0,0.362735,0.076348,2.503221,0,0,3
0,2,0,0.838948,1.110252,2.057332,0,0,3
0,2,0,-0.086777,0.439533,1.638514,0,0,3
0,2,0,0.852594,1.063449,1.157004,0,0,3
0,2,0,-0.33156,0.839658,1.38816,0,0,3
0,2,0,-0.61015,0.106195,2.325695,0,0,3
0,2,0,0.378524,0.482563,1.708232,0,0,3
0,2,0,-0.762178,0.767611,2.055318,0,0,3
0,2,0,0.333137,0.556835,1.540936,0,0,3
0,2,0,-0.718523,0.432281,2.164152,0,0,3
0,2,0,0.283157,0.54238,1.460313,0,0,3
0,2,0,0.546033,1.051112,0.376929,0,0,3
0,2,0,-0.190602,0.146188,0.747183,0,0,3
0,2,0,0.637917,0.995905,0.461557,0,0,3
0,2,0,-0.380445,0.32392,0.421391,0,0,3
0,2,0,-0.648534,1.201765,1.23167,0,0,3
0,2,0,-0.661862,0.101139,1.755095,0,0,3
0,2,0,0.398456,0.542817,1.331092,0,0,3
0,2,0,-0.54151,0.956116,2.008963,0,0,3
0,2,0,0.601626,0.680382,1.655587,0,0,3
0,2,0,1.135443,0.181329,0.670985,0,0,3
0,2,0,-0.029866,0.486193,0.884763,0,0,3
0,2,0,0.881281,0.80993,0.127139,0,0,3
0,2,0,-0.321195,0.659156,-0.03195,0,0,3
0,2,0,-0.662357,-0.116988,0.849981,0,0,3
0,2,0,0.353236,0.559628,0.898648,0,0,3
0,2,0,-0.858648,0.673126,1.040138,0,0,3
0,2,0,0.331548,0.414081,1.132952,0,0,3
0,2,0,-0.856453,0.126585,1.20415,0,0,3
0,2,0,0.299578,0.066994,1.595466,0,0,3
0,2,0,0.943336,0.806485,0.861426,0,0,3
0,2,0,-0.134725,0.372086,1.25575,0,0,3
0,2,0,0.913645,0.33572,0.621287,0,0,3
0,2,0,-0.146331,0.33111,1.2385,0,0,3
0,2,0,0.771853,0.959466,0.721151,0,0,3
0,2,0,-0.390952,0.613438,0.889264,0,0,3
0,2,0,0.77663,0.600921,0.511784,0,0,3
0,2,0,-0.412508,0.388372,0.719639,0,0,3
0,2,0,0.607361,0.644339,0.086593,0,0,3
0,2,0,-0.439549,0.628254,0.732061,0,0,3
0,2,0,-0.338821,-0.34901,1.458004,0,0,3
0,2,0,0.605883,0.074009,0.810845,0,0,3
0,2,0,-0.40264,0.656035,1.18615,0,0,3
0,2,0,0.729002,0.200369,1.240323,0,0,3
0,2,0,-0.39042,0.473961,1.655552,0,0,3
0,2,0,0.697522,0.662028,1.116264,0,0,3
0,2,0,-0.417313,0.309286,1.482191,0,0,3
0,2,0,0.775019,0.572997,1.537332,0,0,3
0,2,0,-0.365158,0.559425,1.994399,0,0,3
0,2,0,0.69246,0.451274,1.381224,0,0,3
0,2,0,-0.505658,0.228731,1.289153,0,0,3
0,2,0,0.59349,0.547854,0.848489,0,0,3
0,2,0,-0.494674,0.416844,1.40056,0,0,3
0,2,0,0.03356,0.709421,2.457807,0,0,3
0,2,0,0.881334,0.816727,1.573226,0,0,3
0,2,0,-0.281284,0.539859,1.848554,0,0,3
0,2,0,0.294338,1.147725,0.952064,0,0,3
0,2,0,-0.082053,-0.004046,1.103804,0,0,3
0,2,0,-0.176261,1.155937,1.467386,0,0,3
0,2,0,0.629357,0.352827,1.0141,0,0,3
0,2,0,-0.490104,0.582583,1.458178,0,0,3
0,2,0,0.610005,0.20685,1.074315,0,0,3
0,2,0,-0.270001,1.049907,1.010277,0,0,3
0,2,0,0.432251,0.10558,0.682047,0,0,3
0,2,0,-0.629929,0.700457,0.80292,0,0,3
0,2,0,0.489024,0.654758,0.298055,0,0,3
0,2,0,-0.729303,0.566326,0.237829,0,0,3
0,2,0,0.330001,0.720103,0.819472,0,0,3
0,2,0,-0.81207,0.280433,0.851119,0,0,3
0,2,0,0.29285,0.330437,0.32428,0,0,3
0,2,0,-0.686358,0.820195,0.877434,0,0,3
0,2,0,0.415589,0.322393,1.03836,0,0,3
0,2,0,-0.716619,0.605362,1.415821,0,0,3
0,2,0,0.219929,-0.01849,1.887911,0,0,3
0,2,0,0.057253,1.126552,1.504052,0,0,3
0,2,0,0.307098,-0.019094,1.175212,0,0,3
0,2,0,-0.688907,0.324511,1.796737,0,0,3
0,2,0,0.030484,1.137003,2.346582,0,0,3
0,2,0,0.773391,0.340333,1.788553,0,0,3
0,2,0,-0.44258,0.229405,1.733314,0,0,3
0,2,0,0.241703,1.10563,2.231069,0,0,3
0,2,0,0.868521,0.47221,1.383624,0,0,3
0,2,0,1.104506,0.499504,0.183,0,0,3
0,2,0,0.033957,0.427878,-0.396475,0,0,3
0,2,0,0.474479,-0.036251,-1.439176,0,0,3
0,2,0,-0.445029,0.493049,-0.826702,0,0,3
0,2,0,0.725529,0.809417,-0.993214,0,0,3
0,2,0,-0.335665,0.651145,-0.393579,0,0,3
0,2,0,0.515195,1.510794,-0.241348,0,0,3
0,2,0,-0.475161,1.023974,0.309246,0,0,3
0,2,0,-0.427394,0.137337,1.147337,0,0,3
0,2,0,0.634812,0.714872,0.965571,0,0,3
0,2,0,-0.342162,0.387907,0.315915,0,0,3
0,2,0,0.709176,0.351918,-0.315736,0,0,3
0,2,0,-0.147471,1.07595,-0.788083,0,0,3
0,2,0,-0.124837,-0.142874,-0.824869,0,0,3
0,2,0,-0.268515,0.709415,0.038886,0,0,3
0,2,0,-0.595539,0.465346,1.196301,0,0,3
0,2,0,0.463554,0.753141,0.646366,0,0,3
0,2,0,-0.565736,0.743482,1.320605,0,0,3
0,2,0,0.523774,0.739718,1.860571,0,0,3
0,2,0,-0.600959,0.264871,1.787755,0,0,3
0,2,0,0.445697,0.36815,1.157451,0,0,3
0,2,0,1.193852,0.869109,0.322899,0,0,3
0,2,0,0.043457,0.460529,0.276087,0,0,3
0,2,0,-0.975911,0.262121,0.92752,0,0,3
0,2,0,0.084437,0.270172,0.313239,0,0,3
0,2,0,-0.668007,1.225301,0.41759,0,0,3
0,2,0,-0.032105,0.203617,0.606908,0,0,3
0,2,0,0.808649,0.893663,0.040083,0,0,3
0,2,0,0.766926,0.095414,-0.881904,0,0,3
0,2,0,-0.397977,0.423905,-0.704865,0,0,3
0,2,0,-0.873493,0.550171,0.419411,0,0,3
0,2,0,-0.372131,0.909701,1.467947,0,0,3
0,2,0,0.67132,0.725332,0.840141,0,0,3
0,2,0,-0.030401,0.426916,-0.109508,0,0,3
0,2,0,-0.703335,1.261571,0.485473,0,0,3
0,2,0,0.44531,0.863663,0.321715,0,0,3
0,2,0,-0.615264,1.250472,0.810429,0,0,3
0,2,0,0.505011,1.111066,0.313547,0,0,3
0,2,0,-0.135313,0.078931,0.439011,0,0,3
0,2,0,0.750508,0.658398,-0.17432,0,0,3
0,2,0,-0.456411,0.748326,0.012989,0,0,3
0,2,0,-1.246792,1.217472,0.833126,0,0,3
0,2,0,-0.210004,0.629795,0.541577,0,0,3
0,2,0,0.492626,-0.35622,0.393788,0,0,3
0,2,0,0.004148,0.757342,0.484185,0,0,3
0,2,0,1.197562,0.918568,0.255208,0,0,3
0,2,0,0.088322,0.703527,0.738137,0,0,3
0,2,0,-0.780274,0.273852,1.492294,0,0,3
0,2,0,0.408979,0.476574,1.274861,0,0,3
0,2,0,-0.711087,0.552477,1.769712,0,0,3
0,2,0,0.501367,0.555451,1.593226,0,0,3
0,2,0,-0.543718,0.946702,2.106212,0,0,3
0,2,0,0.229785,0.098562,2.517451,0,0,3
0,2,0,1.131562,0.60494,1.860587,0,0,3
0,2,0,-0.058471,0.779493,2.095948,0,0,3
0,2,0,0.914797,0.63184,1.356133,0,0,3
0,2,0,-0.147122,0.031471,1.289432,0,0,3
0,2,0,0.407955,1.077512,0.987226,0,0,3
0,2,0,-0.034903,-0.048532,1.141103,0,0,3
0,2,0,-0.337598,1.131919,1.140889,0,0,3
0,2,0,-0.955119,0.763107,2.139913,0,0,3
0,2,0,0.178905,0.660395,1.680426,0,0,3
0,2,0,1.110105,0.359141,0.941046,0,0,3
0,2,0,-0.055616,0.384137,1.31619,0,0,3
0,2,0,0.877288,0.96359,0.76755,0,0,3
0,2,0,-0.245611,0.481708,0.719151,0,0,3
0,2,0,-0.841192,1.075722,1.614164,0,0,3
0,2,0,0.193636,0.594343,1.157985,0,0,3
0,2,0,-0.811279,-0.014838,1.496759,0,0,3
0,2,0,0.140726,0.555769,0.978805,0,0,3
0,2,0,-0.744776,1.048454,0.309078,0,0,3
0,2,0,-0.309512,0.302232,1.166871,0,0,3
0,2,0,-1.049353,0.619484,2.094082,0,0,3
0,2,0,0.092619,0.692946,1.648865,0,0,3
0,2,0,-0.582151,1.057922,2.611531,0,0,3
0,2,0,0.253676,0.223534,2.293411,0,0,3
0,2,0,0.754424,1.024854,1.515508,0,0,3
0,2,0,-0.293345,0.55363,1.951366,0,0,3
0,2,0,0.685696,0.369263,1.236369,0,0,3
0,2,0,0.442366,1.153001,0.336232,0,0,3
0,2,0,-0.364504,0.638244,-0.412015,0,0,3
0,2,0,-0.502459,0.235956,0.735026,0,0,3
0,2,0,0.691459,0.493594,0.687206,0,0,3
0,2,0,-0.400753,0.351784,1.229054,0,0,3
0,2,0,0.595506,0.631675,0.570385,0,0,3
0,2,0,-0.567556,0.90911,0.849827,0,0,3
0,2,0,0.521064,0.418812,0.569543,0,0,3
0,2,0,-0.230888,0.100183,-0.338354,0,0,3
0,2,0,-0.037861,1.23505,0.065465,0,0,3
0,2,0,-0.837459,0.910454,0.946402,0,0,3
0,2,0,0.343335,0.620568,1.057091,0,0,3
0,2,0,0.815359,0.990613,-0.014447,0,0,3
0,2,0,-0.26254,0.674008,0.483988,0,0,3
0,2,0,0.730198,0.572143,-0.232571,0,0,3
0,2,0,-0.284803,0.342376,0.420491,0,0,3
0,2,0,0.604702,1.046219,-0.042386,0,0,3
0,2,0,-0.502661,0.605769,0.248388,0,0,3
0,2,0,0.681355,0.309425,0.148781,0,0,3
0,2,0,-0.377483,0.669499,0.65575,0,0,3
0,2,0,0.307267,-0.336321,0.566707,0,0,3
0,2,0,-0.176528,0.779694,0.653341,0,0,3
0,2,0,0.744612,0.030761,0.358467,0,0,3
0,2,0,0.102872,1.000962,-0.007179,0,0,3
0,2,0,-0.068889,-0.19858,0.1195,0,0,3
0,2,0,-0.638025,0.638601,0.806364,0,0,3
0,2,0,0.3635,0.705714,1.491935,0,0,3
0,2,0,-0.442375,-0.158926,1.187308,0,0,3
0,2,0,-0.147367,0.969481,0.829076,0,0,3
0,2,0,0.457651,0.111057,0.201241,0,0,3
0,2,0,0.550268,0.510425,-0.950866,0,0,3
0,2,0,-0.500248,0.067857,-0.497015,0,0,3
0,2,0,0.559444,0.631784,-0.732469,0,0,3
0,2,0,-0.545358,0.444862,-0.227419,0,0,3
0,2,0,0.624173,0.150436,-0.440673,0,0,3
0,2,0,-0.579886,0.10092,-0.229376,0,0,3
0,2,0,0.015739,1.154608,-0.382164,0,0,3
0,2,0,-0.018824,0.106492,0.242714,0,0,3
0,2,0,-0.56389,1.174697,0.468736,0,0,3
0,2,0,0.412678,0.504827,0.152775,0,0,3
0,2,0,-0.711662,0.063161,0.346568,0,0,3
0,2,0,0.01714,0.940123,0.77939,0,0,3
0,2,0,-0.202839,-0.254968,0.893037,0,0,3
0,2,0,0.444571,0.77163,0.771504,0,0,3
0,2,0,1.124357,0.601953,-0.239416,0,0,3
0,2,0,0.061331,0.491025,0.364423,0,0,3
0,2,0,-0.917674,0.569354,1.100538,0,0,3
0,2,0,0.239468,0.176633,1.091105,0,0,3
0,2,0,0.017632,1.180886,0.438658,0,0,3
0,2,0,0.378974,0.01935,0.354568,0,0,3
0,2,0,-0.663872,0.550454,0.710801,0,0,3
0,2,0,0.463675,0.260958,0.324576,0,0,3
0,2,0,-0.541482,0.932211,0.149434,0,0,3
0,2,0,0.555674,1.222016,0.585037,0,0,3
0,2,0,-0.266304,0.343538,0.805896,0,0,3
0,2,0,0.864844,0.654692,1.141873,0,0,3
0,2,0,1.06602,0.20071,0.023728,0,0,3
0,2,0,-0.125716,0.354622,0.262341,0,0,3
0,2,0,-0.810056,0.080843,1.241891,0,0,3
0,2,0,0.180792,0.756184,0.999401,0,0,3
0,2,0,-0.792443,0.214644,1.509326,0,0,3
0,2,0,-0.255607,1.189041,2.00228,0,0,3
0,2,0,0.592135,0.464351,1.48973,0,0,3
0,2,0,1.15769,0.561882,0.405576,0,0,3
0,2,0,-0.034762,0.402546,0.643769,0,0,3
0,2,0,-0.327986,1.564528,0.871258,0,0,3
0,2,0,0.533157,0.832834,0.385929,0,0,3
0,2,0,-0.267835,0.123123,-0.195516,0,0,3
0,2,0,-0.235164,0.545279,0.952223,0,0,3
0,2,0,0.019946,1.660608,1.369546,0,0,3
0,2,0,0.60053,0.605218,1.166852,0,0,3
0,2,0,0.2292,0.575606,0.005523,0,0,3
0,2,0,0.829651,0.843769,-1.032405,0,0,3
0,2,0,-0.305349,0.386458,-1.046429,0,0,3
0,2,0,-0.92939,0.219498,-0.002993,0,0,3
0,2,0,0.157949,0.768529,-0.111078,0,0,3
0,2,0,-0.27983,-0.136651,0.583846,0,0,3
0,2,0,0.310391,0.916389,0.397185,0,0,3
0,2,0,-0.525088,0.230935,0.978476,0,0,3
0,2,0,0.493628,0.896329,0.856783,0,0,3
0,2,0,0.803615,0.764425,-0.322911,0,0,3
0,2,0,-0.331273,0.745507,0.14646,0,0,3
0,2,0,-0.108214,0.737483,1.347224,0,0,3
0,2,0,0.986292,0.570953,0.815294,0,0,3
0,2,0,-0.153627,0.844056,1.178716,0,0,3
0,2,0,0.582587,0.005206,0.679997,0,0,3
0,2,0,-0.109521,0.969527,0.396381,0,0,3
0,2,0,0.874288,0.582578,-0.230552,0,0,3
0,2,0,-0.343152,0.573931,-0.088479,0,0,3
0,2,0,0.806103,0.492917,-0.508664,0,0,3
0,2,0,-0.276374,0.59497,0.061742,0,0,3
0,2,0,0.871296,0.996571,0.165369,0,0,3
0,2,0,-0.250446,0.547893,-0.0113,0,0,3
0,2,0,0.896255,0.599441,0.399262,0,0,3
0,2,0,-0.298703,0.587967,0.670635,0,0,3
0,2,0,0.90842,0.742499,0.540414,0,0,3
0,2,0,0.619205,1.898387,0.809562,0,0,3
0,2,0,0.832544,0.698891,0.823534,0,0,3
0,2,0,-0.251701,0.635094,1.399884,0,0,3
0,2,0,-0.427198,-0.564664,1.520139,0,0,3
0,2,0,-0.023688,0.584041,1.444574,0,0,3
0,2,0,-0.770629,-0.148291,2.07706,0,0,3
0,2,0,0.285459,0.332506,1.687902,0,0,3
0,2,0,-0.687289,0.719522,2.328472,0,0,3
0,2,0,0.412601,0.707039,1.777315,0,0,3
0,2,0,-0.576388,0.537035,2.488803,0,0,3
0,2,0,0.519643,0.610372,1.938992,0,0,3
0,2,0,-0.688401,0.482786,1.809157,0,0,3
0,2,0,0.450005,0.61517,1.372654,0,0,3
0,2,0,-0.459912,1.335957,1.003624,0,0,3
0,2,0,0.48054,0.613213,0.698723,0,0,3
0,2,0,-0.555463,0.423781,1.329425,0,0,3
0,2,0,0.578841,0.143942,0.961437,0,0,3
0,2,0,0.747102,1.276538,0.540436,0,0,3
0,2,0,-0.265137,0.594219,0.52924,0,0,3
0,2,0,0.898555,0.757269,0.172912,0,0,3
0,2,0,-0.20247,0.423722,0.60281,0,0,3
0,2,0,0.802732,0.915374,0.100322,0,0,3
0,2,0,-0.397092,0.84726,-0.110236,0,0,3
0,2,0,0.641419,0.20821,-0.030268,0,0,3
0,2,0,-0.463097,0.522164,0.398638,0,0,3
0,2,0,0.7256,0.640115,0.127248,0,0,3
0,2,0,-0.340536,0.554066,0.734761,0,0,3
0,2,0,-1.230312,0.759971,1.558987,0,0,3
0,2,0,-0.036434,0.495089,1.557681,0,0,3
0,2,0,0.878484,0.587588,0.742107,0,0,3
0,2,0,-0.191402,0.271454,0.248684,0,0,3
0,2,0,-0.993772,0.642921,1.101511,0,0,3
0,2,0,0.065888,0.51952,0.494444,0,0,3
0,2,0,0.78061,1.121452,-0.303826,0,0,3
0,2,0,-0.272713,0.628286,0.087739,0,0,3
0,2,0,-0.954806,0.187942,1.007671,0,0,3
0,2,0,0.114205,0.777348,0.93302,0,0,3
0,2,0,0.616857,1.316081,-0.052317,0,0,3
0,2,0,0.211409,0.166325,-0.049051,0,0,3
0,2,0,1.392617,0.421178,0.128058,0,0,3
0,2,0,0.229104,0.168915,0.41224,0,0,3
0,2,0,0.5755,1.336013,0.304035,0,0,3
0,2,0,-0.531931,1.095002,0.790004,0,0,3
0,2,0,0.53111,0.871972,0.211027,0,0,3
0,2,0,0.076506,0.241882,1.156435,0,0,3
0,2,0,-1.085322,-0.083979,1.36384,0,0,3
0,2,0,-0.076426,0.570138,1.14521,0,0,3
0,2,0,0.801416,0.325832,0.324785,0,0,3
0,2,0,-0.31592,0.295918,0.828142,0,0,3
0,2,0,-0.623671,0.802596,1.901529,0,0,3
0,2,0,0.452998,0.669674,1.321817,0,0,3
0,2,0,-0.543603,0.489912,2.019444,0,0,3
0,2,0,0.303783,0.397167,1.136412,0,0,3
0,2,0,-0.107655,1.450965,1.596602,0,0,3
0,2,0,0.130235,0.424314,0.977964,0,0,3
0,2,0,0.666465,1.490804,0.71296,0,0,3
0,2,0,-0.332766,1.04678,1.283528,0,0,3
0,2,0,0.716672,0.73215,0.720947,0,0,3
0,2,0,-0.396148,0.548421,1.208069,0,0,3
0,2,0,0.453655,0.069855,0.46607,0,0,3
0,2,0,-0.196113,1.041637,0.827055,0,0,3
0,2,0,-0.796403,0.107318,1.344105,0,0,3
0,2,0,0.424549,0.096517,1.279321,0,0,3
0,2,0,-0.591621,0.590476,1.753685,0,0,3
0,2,0,0.059586,0.261454,0.767474,0,0,3
0,2,0,-0.323501,0.076867,-0.378933,0,0,3
0,2,0,-1.044494,0.703947,0.386395,0,0,3
0,2,0,0.087044,0.736648,-0.091133,0,0,3
0,2,0,-0.902206,0.199688,0.394421,0,0,3
0,2,0,0.207619,0.613598,0.082965,0,0,3
0,2,0,-0.534844,0.163203,0.952558,0,0,3
0,2,0,-1.279122,0.74777,1.730704,0,0,3
0,2,0,-0.160642,0.627835,1.237358,0,0,3
0,2,0,-0.082515,1.786287,1.607931,0,0,3
0,2,0,0.170335,0.63841,1.269061,0,0,3
0,2,0,-0.36029,-0.435597,1.04135,0,0,3
0,2,0,0.410032,0.490273,0.838796,0,0,3
0,2,0,-0.254039,0.909297,1.784809,0,0,3
0,2,0,0.792871,0.401502,1.398791,0,0,3
0,2,0,0.44449,-0.74882,1.173074,0,0,3
0,2,0,0.438009,0.319699,0.555369,0,0,3
0,2,0,0.222164,1.422004,0.995228,0,0,3
0,2,0,-0.786296,1.057794,1.559284,0,0,3
0,2,0,-1.424228,0.849323,2.534825,0,0,3
0,2,0,-1.107807,0.43998,3.574641,0,0,3
0,2,0,-0.899778,0.714611,4.677109,0,0,3
0,2,0,-1.655549,0.736373,5.573981,0,0,3
0,2,0,-1.238166,0.390773,6.583783,0,0,3
0,2,0,-1.127995,0.311311,7.706915,0,0,3
0,2,0,-1.321994,-0.157284,8.72197,0,0,3
0,2,0,-1.689283,-0.493338,9.734055,0,0,3
0,2,0,-1.763175,-0.745387,10.818795,0,0,3
0,2,0,-2.252135,-1.016557,11.789647,0,0,3
0,2,0,-2.475618,-0.997202,12.873024,0,0,3
0,2,0,-2.248899,-0.200504,13.666806,0,0,3
0,2,0,-2.571303,-0.475207,14.701084,0,0,3
0,2,0,-2.936896,-0.532855,15.749709,0,0,3
0,2,0,-3.008618,-0.318159,16.815702,0,0,3
0,2,0,-3.324836,-0.567907,17.845066,0,0,3
0,2,0,-2.799737,-0.410332,18.812946,0,0,3
0,2,0,-2.663613,-0.618365,19.862452,0,0,3
0,2,0,-2.872217,-0.614882,20.901741,0,0,3
0,2,0,-2.812255,-0.323909,21.906235,0,0,3
0,2,0,-2.036104,-0.398892,22.678337,0,0,3
0,2,0,-2.15248,-0.592547,23.686161,0,0,3
0,2,0,-1.259538,-0.398472,24.278517,0,0,3
0,2,0,-1.410696,-0.239309,25.215452,0,0,3
0,2,0,-1.246889,-0.291898,26.136507,0,0,3
0,2,0,-1.413204,-0.276477,27.053789,0,0,3
0,2,0,-1.32456,-0.514842,27.906111,0,0,3
0,2,0,-1.100057,-0.27633,28.664757,0,0,3
0,2,0,-0.687431,0.034881,29.25061,0,0,3
0,2,0,-0.959365,0.04613,29.949892,0,0,3
0,2,0,-0.335369,0.062325,30.381805,0,0,3
0,2,0,-0.336916,-0.182308,31.098883,0,0,3
0,2,0,-0.191194,-0.045761,31.58469,0,0,3
0,2,0,0.047687,0.12032,31.880331,0,0,3
0,2,0,0.301628,0.333126,31.886894,0,0,3
0,2,0,0.136581,0.722098,31.978266,0,0,3
0,2,0,-0.167742,0.08737,32.38438,0,0,3
0,2,0,-0.301887,-0.036406,32.984638,0,0,3
0,2,0,0.523125,0.514931,32.392391,0,0,3
0,2,0,-0.205587,0.40329,32.732967,0,0,3
0,2,0,0.311162,0.509846,32.446846,0,0,3
0,2,0,0.137696,0.292775,32.857082,0,0,3
0,2,0,-0.112384,0.286325,32.984447,0,0,3
0,2,0,0.486069,0.421389,32.723881,0,0,3
0,2,0,-0.215881,0.482266,33.071949,0,0,3
0,2,0,0.711535,0.621645,32.614128,0,0,3
0,2,0,-0.017081,0.598673,32.90258,0,0,3
0,2,0,-0.462169,0.187749,33.513153,0,0,3
0,2,0,-0.653881,0.045272,34.089275,0,0,3
0,2,0,0.290705,0.547011,33.705463,0,0,3
0,2,0,0.204661,0.155831,33.788025,0,0,3
0,2,0,0.120247,0.428687,34.1689,0,0,3
0,2,0,0.630015,0.778797,33.623032,0,0,3
0,2,0,0.047915,0.422937,33.740803,0,0,3
0,2,0,-0.634048,0.255384,34.088234,0,0,3
0,2,0,-0.432567,0.725643,33.763775,0,0,3
0,2,0,0.551234,0.918781,33.403675,0,0,3
0,2,0,0.95268,1.461638,32.642651,0,0,3
0,2,0,0.332857,0.601074,32.268559,0,0,3
0,2,0,0.75241,1.102131,31.32477,0,0,3
0,2,0,1.438239,1.070097,30.386105,0,0,3
0,2,0,1.400976,1.041058,29.24671,0,0,3
0,2,0,2.083348,1.249639,28.329334,0,0,3
0,2,0,1.825179,1.435787,27.281515,0,0,3
0,2,0,1.43026,1.069792,26.309713,0,0,3
0,2,0,1.570444,1.364158,25.262768,0,0,3
0,2,0,2.094401,1.897703,24.404457,0,0,3
0,2,0,2.695504,2.048711,23.455202,0,0,3
0,2,0,2.878283,1.997369,22.367247,0,0,3
0,2,0,3.35197,1.882733,21.33202,0,0,3
0,2,0,3.983053,1.667931,20.35894,0,0,3
0,2,0,4.77669,1.970163,19.48089,0,0,3
0,2,0,4.101717,1.81556,18.544527,0,0,3
0,2,0,3.753325,1.550348,17.454006,0,0,3
0,2,0,3.369842,1.528677,16.33847,0,0,3
0,2,0,2.901417,1.247944,15.286652,0,0,3
0,2,0,3.022029,1.23748,14.091006,0,0,3
0,2,0,2.744141,0.955,12.962004,0,0,3
0,2,0,1.824061,0.974243,12.185472,0,0,3
0,2,0,2.22795,0.864745,11.043687,0,0,3
0,2,0,2.176615,0.544574,9.878426,0,0,3
0,2,0,2.269334,0.735711,8.684079,0,0,3
0,2,0,1.548755,1.17328,7.820414,0,0,3
0,2,0,1.325139,0.563632,6.806847,0,0,3
0,2,0,1.355157,1.261791,5.819515,0,0,3
0,2,0,0.709431,0.509414,5.134894,0,0,3
0,2,0,1.089987,0.151769,4.041119,0,0,3
0,2,0,1.922264,0.531915,3.232997,0,0,3
0,2,0,0.714696,0.372471,3.123671,0,0,3
0,2,0,-0.09555,1.199608,2.743912,0,0,3
0,2,0,-0.440308,0.075987,2.423262,0,0,3
0,2,0,0.544007,0.609065,1.924586,0,0,3
0,2,0,0.285473,-0.01286,0.905465,0,0,3
0,2,0,1.287706,0.516789,0.440671,0,0,3
0,2,0,0.066629,0.589677,0.444339,0,0,3
0,2,0,0.888863,0.167721,-0.360872,0,0,3
0,2,0,0.587894,1.33933,-0.204,0,0,3
0,2,0,0.414271,0.180195,-0.533987,0,0,3
0,2,0,-0.504613,0.863218,-0.101125,0,0,3
0,2,0,0.600366,0.397555,-0.356511,0,0,3
0,2,0,0.572077,0.5204,-1.571379,0,0,3
0,2,0,0.261285,1.634741,-1.947065,0,0,3
0,2,0,-0.493405,0.714574,-1.667457,0,0,3
0,2,0,0.293657,-0.041632,-1.122786,0,0,3
0,2,0,0.483675,0.747284,-2.038265,0,0,3
0,2,0,-0.585081,0.676433,-1.433153,0,0,3
0,2,0,0.564534,0.518119,-1.82963,0,0,3
0,2,0,-0.565084,0.693159,-1.380346,0,0,3
0,2,0,0.569839,0.61724,-1.843818,0,0,3
0,2,0,-0.583323,0.979224,-1.644387,0,0,3
0,2,0,0.522775,0.457053,-1.693027,0,0,3
0,2,0,-0.661716,0.4317,-1.374905,0,0,3
0,2,0,0.498543,0.647072,-1.704309,0,0,3
0,2,0,-0.629547,0.423206,-1.275809,0,0,3
0,2,0,0.580126,0.32145,-1.429536,0,0,3
0,2,0,-0.347623,1.060358,-1.123261,0,0,3
0,2,0,0.66986,0.828269,-1.779423,0,0,3
0,2,0,-0.03497,0.386575,-2.666183,0,0,3
0,2,0,0.119572,1.594763,-2.657364,0,0,3
0,2,0,-0.082078,0.392001,-2.644091,0,0,3
0,2,0,-0.651668,1.201597,-1.918507,0,0,3
0,2,0,0.092701,0.274311,-1.646662,0,0,3
0,2,0,-0.205133,1.258968,-2.297566,0,0,3
0,2,0,0.718198,0.604848,-2.772001,0,0,3
0,2,0,-0.381679,0.607854,-2.226304,0,0,3
0,2,0,-0.459927,0.168098,-1.087309,0,0,3
0,2,0,0.599867,0.408266,-1.651781,0,0,3
0,2,0,-0.477642,0.715923,-1.152664,0,0,3
0,2,0,0.593347,0.230034,-1.494788,0,0,3
0,2,0,-0.550546,0.192817,-1.05895,0,0,3
0,2,0,0.5173,0.780018,-1.170556,0,0,3
0,2,0,-0.621036,0.359922,-1.313294,0,0,3
0,2,0,0.437103,0.530459,-1.910429,0,0,3
0,2,0,-0.614839,0.326722,-1.312835,0,0,3
0,2,0,-1.005177,0.495449,-0.161892,0,0,3
0,2,0,0.138769,0.587973,-0.593111,0,0,3
0,2,0,-0.879402,1.263973,-0.558469,0,0,3
0,2,0,0.219215,0.757714,-0.758114,0,0,3
0,2,0,-0.485589,-0.17005,-0.392404,0,0,3
0,2,0,-0.767369,0.784591,0.314847,0,0,3
0,2,0,0.381131,0.390783,0.160525,0,0,3
0,2,0,-0.571809,0.492499,0.92881,0,0,3
0,2,0,0.530106,0.747697,0.452587,0,0,3
0,2,0,-0.553163,0.191806,0.361762,0,0,3
0,2,0,0.507607,0.340029,-0.235769,0,0,3
0,2,0,0.851704,0.750744,-1.337161,0,0,3
0,2,0,-0.293655,0.766283,-0.89011,0,0,3
0,2,0,0.510404,-0.146872,-1.006845,0,0,3
0,2,0,0.02754,0.930662,-1.313708,0,0,3
0,2,0,-0.588852,-0.005227,-0.826581,0,0,3
0,2,0,0.430235,0.665357,-0.891838,0,0,3
0,2,0,0.514935,0.220633,-2.027191,0,0,3
0,2,0,-0.382226,0.724376,-1.360569,0,0,3
0,2,0,0.614454,0.716141,-2.083579,0,0,3
0,2,0,-0.25677,0.068589,-2.639374,0,0,3
0,2,0,0.673691,0.320619,-3.394117,0,0,3
0,2,0,-0.447651,0.372394,-2.900595,0,0,3
0,2,0,-0.888959,0.653464,-1.791116,0,0,3
0,2,0,0.332052,0.603832,-1.841661,0,0,3
0,2,0,0.931143,0.294937,-2.865407,0,0,3
0,2,0,0.273418,0.772559,-3.768527,0,0,3
0,2,0,-0.713425,0.927323,-3.048671,0,0,3
0,2,0,0.231203,0.211639,-3.360923,0,0,3
0,2,0,-0.433554,-0.048103,-2.367074,0,0,3
0,2,0,-0.88439,0.679833,-1.493551,0,0,3
0,2,0,0.070838,0.162386,-0.938395,0,0,3
0,2,0,0.585296,1.174812,-1.390065,0,0,3
0,2,0,-0.535094,0.852959,-0.999676,0,0,3
0,2,0,0.655287,0.884398,-1.294526,0,0,3
0,2,0,-0.529668,0.727514,-1.011619,0,0,3
0,2,0,0.64468,0.425549,-1.189605,0,0,3
0,2,0,-0.478896,0.607256,-0.728467,0,0,3
0,2,0,0.593929,0.672735,-1.323055,0,0,3
0,2,0,-0.515017,0.56508,-0.809157,0,0,3
0,2,0,0.509336,0.749981,-1.461179,0,0,3
0,2,0,0.976975,0.349131,-2.521369,0,0,3
0,2,0,-0.224899,0.239862,-2.322003,0,0,3
0,2,0,-0.753838,0.920576,-1.448841,0,0,3
0,2,0,0.329623,0.439239,-1.762687,0,0,3
0,2,0,-0.729624,0.672901,-1.187343,0,0,3
0,2,0,0.333756,0.529762,-1.784562,0,0,3
0,2,0,-0.635611,0.428258,-1.038138,0,0,3
0,2,0,0.09335,1.032131,-0.273474,0,0,3
0,2,0,-0.619485,0.126035,0.1359,0,0,3
0,2,0,0.533022,0.29767,-0.242245,0,0,3
0,2,0,-0.50945,0.54645,0.357889,0,0,3
0,2,0,0.499674,1.032228,-0.144518,0,0,3
0,2,0,-0.47122,0.383753,0.226184,0,0,3
0,2,0,0.73439,0.569167,0.29256,0,0,3
0,2,0,-0.296124,0.391055,-0.331379,0,0,3
0,2,0,0.524386,1.233929,-0.675318,0,0,3
0,2,0,-0.475394,0.787261,-0.111844,0,0,3
0,2,0,0.536604,0.863041,-0.808328,0,0,3
0,2,0,-0.624704,0.5193,-0.616624,0,0,3
0,2,0,0.547847,0.622517,-0.962516,0,0,3
0,2,0,-0.607477,0.711474,-0.558222,0,0,3
0,2,0,0.293658,1.466914,-0.247296,0,0,3
0,2,0,0.202087,0.251713,-0.293422,0,0,3
0,2,0,0.954932,0.636913,-1.181929,0,0,3
0,2,0,-0.122116,0.421995,-0.635049,0,0,3
0,2,0,-1.006742,0.959514,0.028786,0,0,3
0,2,0,0.121674,0.6364,-0.325828,0,0,3
0,2,0,1.159842,0.485722,-0.966181,0,0,3
0,2,0,0.4762,0.652035,-1.960858,0,0,3
0,2,0,-0.477524,-0.106336,-2.044842,0,0,3
0,2,0,0.325653,0.706025,-2.480974,0,0,3
0,2,0,-0.88013,0.745226,-2.263658,0,0,3
0,2,0,-1.93693,0.406537,-1.735761,0,0,3
0,2,0,-0.806657,0.622084,-2.158625,0,0,3
0,2,0,0.051855,-0.246536,-2.147235,0,0,3
0,2,0,-1.052701,0.18137,-1.8388,0,0,3
0,2,0,-1.997903,-0.51398,-1.503029,0,0,3
0,2,0,-0.825482,-0.557759,-1.823476,0,0,3
0,2,0,0.319098,-0.762633,-2.149385,0,0,3
0,2,0,1.176448,-1.62488,-1.948069,0,0,3
0,2,0,2.095742,-1.092344,-2.465662,0,0,3
0,2,0,2.010711,-2.198189,-2.892328,0,0,3
0,2,0,1.905385,-1.113824,-3.373324,0,0,3
0,2,0,1.56425,-0.095947,-3.878035,0,0,3
0,2,0,1.433569,0.569387,-4.808887,0,0,3
0,2,0,1.75739,0.805752,-5.878911,0,0,3
0,2,0,2.355363,0.656918,-6.85432,0,0,3
0,2,0,2.222819,0.596926,-7.981296,0,0,3
0,2,0,2.421439,0.428822,-9.09156,0,0,3
0,2,0,2.254653,0.459736,-10.213395,0,0,3
0,2,0,2.267238,0.223306,-11.321804,0,0,3
0,2,0,2.353407,0.770272,-12.32205,0,0,3
0,2,0,2.638807,0.178304,-13.266224,0,0,3
0,2,0,2.971046,-0.052933,-14.325523,0,0,3
0,2,0,3.175238,0.044869,-15.428176,0,0,3
0,2,0,3.291891,-0.186139,-16.525923,0,0,3
0,2,0,3.455106,-0.380666,-17.617416,0,0,3
0,2,0,3.187463,-0.159586,-18.686628,0,0,3
0,2,0,3.339564,-0.543802,-19.716742,0,0,3
0,2,0,2.933126,-0.372022,-20.72744,0,0,3
0,2,0,2.583262,-0.381031,-21.737665,0,0,3
0,2,0,2.520303,-0.463777,-22.778999,0,0,3
0,2,0,1.809588,-0.369494,-23.563942,0,0,3
0,2,0,1.912219,-0.550433,-24.570644,0,0,3
0,2,0,1.342243,-0.077802,-25.297415,0,0,3
0,2,0,1.549749,0.132668,-26.212639,0,0,3
0,2,0,1.406302,0.033153,-27.07863,0,0,3
0,2,0,1.021084,0.243745,-27.749817,0,0,3
0,2,0,1.512975,-0.13798,-28.57745,0,0,3
0,2,0,1.411207,-0.216741,-29.393131,0,0,3
0,2,0,1.270225,-0.226419,-30.212051,0,0,3
0,2,0,0.628216,0.302733,-30.510294,0,0,3
0,2,0,0.41827,0.319928,-31.14962,0,0,3
0,2,0,0.818046,0.171076,-31.679028,0,0,3
0,2,0,0.273246,0.431318,-32.042435,0,0,3
0,2,0,0.447549,0.09788,-32.643734,0,0,3
0,2,0,0.957401,-0.00966,-33.196255,0,0,3
0,2,0,1.033049,0.423545,-33.591324,0,0,3
0,2,0,0.213438,1.105636,-33.726631,0,0,3
0,2,0,-0.356866,1.956671,-33.847645,0,0,3
0,2,0,-0.890001,1.888473,-33.660805,0,0,3
0,2,0,-0.674328,2.02573,-33.637447,0,0,3
0,2,0,-0.741852,2.825387,-32.893551,0,0,3
0,2,0,-1.743876,2.648968,-32.277714,0,0,3
0,2,0,-2.248415,2.42348,-31.276798,0,0,3
0,2,0,-2.567795,2.566175,-30.213068,0,0,3
0,2,0,-2.362159,2.290214,-29.197161,0,0,3
0,2,0,-1.98488,1.65434,-28.387297,0,0,3
0,2,0,-2.446584,1.305693,-27.4723,0,0,3
0,2,0,-3.058636,0.966448,-26.62015,0,0,3
0,2,0,-3.667617,0.806637,-25.707819,0,0,3
0,2,0,-4.187141,0.642039,-24.729279,0,0,3
0,2,0,-4.479488,0.422799,-23.674089,0,0,3
0,2,0,-4.759119,0.366984,-22.576468,0,0,3
0,2,0,-4.955124,0.339904,-21.443478,0,0,3
0,2,0,-4.924072,0.341107,-20.285826,0,0,3
0,2,0,-5.502847,0.590211,-19.263273,0,0,3
0,2,0,-4.96895,0.38483,-18.242823,0,0,3
0,2,0,-4.919615,0.697216,-17.103846,0,0,3
0,2,0,-4.42692,0.393598,-16.074823,0,0,3
0,2,0,-4.623612,0.721758,-14.937926,0,0,3
0,2,0,-3.929881,0.612325,-13.980266,0,0,3
0,2,0,-3.906053,1.101642,-12.882566,0,0,3
0,2,0,-3.851667,0.780482,-11.727714,0,0,3
0,2,0,-3.836663,0.864534,-10.525981,0,0,3
0,2,0,-3.405898,0.600074,-9.437113,0,0,3
0,2,0,-3.255222,0.802123,-8.255481,0,0,3
0,2,0,-3.018444,0.594009,-7.086936,0,0,3
0,2,0,-2.820043,0.734859,-5.89869,0,0,3
0,2,0,-2.212011,0.558715,-4.866141,0,0,3
0,2,0,-2.147295,0.729539,-3.659685,0,0,3
0,2,0,-1.644612,0.389405,-2.606117,0,0,3
0,2,0,-1.99335,0.515533,-1.437092,0,0,3
0,2,0,-0.903482,0.578487,-0.895235,0,0,3
0,2,0,-1.635051,0.138088,-0.016066,0,0,3
0,2,0,-0.71389,0.515533,0.687462,0,0,3
0,2,0,-0.99215,1.015276,1.772265,0,0,3
0,2,0,-1.01407,0.028126,2.491378,0,0,3
0,2,0,-0.348911,0.665452,3.289865,0,0,3
0,2,0,0.841517,0.385997,3.308227,0,0,3
0,2,0,-0.264801,0.374486,3.837891,0,0,3
0,2,0,0.95744,0.42767,3.813251,0,0,3
0,2,0,-0.159596,0.670593,4.254867,0,0,3
0,2,0,0.249399,0.25582,5.310441,0,0,3
0,2,0,-0.893396,-0.035146,4.990117,0,0,3
0,2,0,0.176615,0.509827,4.760692,0,0,3
0,2,0,0.023542,0.778013,3.579619,0,0,3
0,2,0,-0.763659,0.057208,4.167589,0,0,3
0,2,0,-0.245379,1.152771,4.298586,0,0,3
0,2,0,0.937587,0.860344,4.369153,0,0,3
0,2,0,-0.252542,0.665363,4.595665,0,0,3
0,2,0,-0.726651,-0.067661,5.442512,0,0,3
0,2,0,0.290597,0.395296,4.942536,0,0,3
0,2,0,-0.773119,0.199282,5.515207,0,0,3
0,2,0,0.210834,0.911298,5.623489,0,0,3
0,2,0,-0.890167,0.543107,6.008576,0,0,3
0,2,0,0.184706,0.592117,5.416121,0,0,3
0,2,0,0.728848,0.030814,4.473469,0,0,3
0,2,0,1.141369,1.110491,4.081656,0,0,3
0,2,0,0.149621,0.633258,4.62871,0,0,3
0,2,0,-0.616,1.156458,5.431306,0,0,3
0,2,0,0.266028,0.320572,5.286403,0,0,3
0,2,0,0.19679,1.306723,4.572888,0,0,3
0,2,0,-0.664876,0.747219,5.248371,0,0,3
0,2,0,0.398941,0.408859,4.736465,0,0,3
0,2,0,-0.729796,0.689832,5.118027,0,0,3
0,2,0,0.40748,0.720937,4.656429,0,0,3
0,2,0,-0.352589,0.452889,5.579431,0,0,3
0,2,0,-1.04794,0.57462,6.564239,0,0,3
0,2,0,0.07338,0.622072,6.066709,0,0,3
0,2,0,-1.014771,0.949058,6.523599,0,0,3
0,2,0,0.12401,0.656648,6.167293,0,0,3
0,2,0,0.528581,0.200342,5.107619,0,0,3
0,2,0,-0.585695,0.202203,5.613429,0,0,3
0,2,0,0.612105,0.445045,5.65092,0,0,3
0,2,0,-0.474932,0.928122,5.93512,0,0,3
0,2,0,0.602227,0.392981,5.708554,0,0,3
0,2,0,-0.473671,0.884621,6.026431,0,0,3
0,2,0,0.373523,0.026667,5.834669,0,0,3
0,2,0,0.358019,1.226078,5.623997,0,0,3
0,2,0,-0.152319,0.130176,5.458722,0,0,3
0,2,0,0.750037,0.643947,4.806307,0,0,3
0,2,0,-0.3319,1.06376,5.205402,0,0,3
0,2,0,-0.530631,0.03234,5.820841,0,0,3
0,2,0,0.25726,0.877622,5.420954,0,0,3
0,2,0,0.921335,0.439599,4.486043,0,0,3
0,2,0,0.839474,0.300088,3.275344,0,0,3
0,2,0,-0.307143,0.422906,3.692392,0,0,3
0,2,0,0.410346,1.310573,4.105774,0,0,3
0,2,0,-0.548464,0.700444,4.570775,0,0,3
0,2,0,-0.974607,0.345609,5.654721,0,0,3
0,2,0,0.128093,0.49024,5.135757,0,0,3
0,2,0,-1.021047,0.647493,5.512933,0,0,3
0,2,0,0.183654,0.456809,5.405437,0,0,3
0,2,0,-0.887632,1.00888,5.600727,0,0,3
0,2,0,0.269301,0.617365,5.568724,0,0,3
0,2,0,1.360295,0.672353,5.005243,0,0,3
0,2,0,0.21271,0.576477,5.433847,0,0,3
0,2,0,0.112888,0.762806,4.232826,0,0,3
0,2,0,-0.828713,0.355751,4.901392,0,0,3
0,2,0,-0.433069,0.918785,5.894456,0,0,3
0,2,0,0.531435,0.236287,6.173146,0,0,3
0,2,0,-0.483072,0.659236,5.643688,0,0,3
0,2,0,0.70032,0.753261,5.368961,0,0,3
0,2,0,-0.408215,0.840856,5.893397,0,0,3
0,2,0,0.468779,0.282397,5.240701,0,0,3
0,2,0,-0.577451,0.393463,5.867116,0,0,3
0,2,0,0.608761,0.280691,5.579955,0,0,3
0,2,0,-0.436603,0.418644,6.19979,0,0,3
0,2,0,-0.621843,0.225327,7.358186,0,0,3
0,2,0,0.533258,0.293691,6.954236,0,0,3
0,2,0,-0.499677,0.832208,7.316875,0,0,3
0,2,0,0.546987,0.341197,6.907632,0,0,3
0,2,0,-0.508296,0.774024,7.347198,0,0,3
0,2,0,0.51783,0.12528,7.211273,0,0,3
0,2,0,1.190329,1.135283,7.222865,0,0,3
0,2,0,-0.019023,1.293674,7.210815,0,0,3
0,2,0,0.587677,0.274762,7.472421,0,0,3
0,2,0,0.842024,1.281003,6.828001,0,0,3
0,2,0,-0.279677,0.923597,7.175356,0,0,3
0,2,0,0.912969,1.101531,6.94916,0,0,3
0,2,0,-0.24171,0.851589,6.648597,0,0,3
0,2,0,0.829318,0.368039,6.300107,0,0,3
0,2,0,-0.301444,-0.063215,6.125323,0,0,3
0,2,0,0.603538,0.665188,5.743035,0,0,3
0,2,0,-0.586033,0.603637,6.024162,0,0,3
0,2,0,0.313609,0.647016,6.821632,0,0,3
0,2,0,0.980735,1.262586,5.991461,0,0,3
0,2,0,0.29293,0.2778,5.78444,0,0,3
0,2,0,-0.710008,0.941278,5.966971,0,0,3
0,2,0,0.43191,0.5504,5.759544,0,0,3
0,2,0,-0.714721,0.933452,5.937094,0,0,3
0,2,0,-0.264556,-0.023014,6.527922,0,0,3
0,2,0,0.418354,0.964104,6.298925,0,0,3
0,2,0,0.729736,0.006234,5.608648,0,0,3
0,2,0,-0.067459,0.921771,5.505426,0,0,3
0,2,0,0.793095,0.319726,4.873089,0,0,3
0,2,0,-0.252399,0.416073,5.503299,0,0,3
0,2,0,0.931723,0.604143,5.246643,0,0,3
0,2,0,-0.205472,1.006111,5.464581,0,0,3
0,2,0,0.105155,0.133852,6.244542,0,0,3
0,2,0,-0.535101,1.113543,5.916424,0,0,3
0,2,0,0.403137,0.38285,5.625176,0,0,3
0,2,0,-0.564804,0.14196,6.33108,0,0,3
0,2,0,0.516334,0.696822,6.416555,0,0,3
0,2,0,-0.660226,0.568479,6.727977,0,0,3
0,2,0,0.546481,0.543034,6.878176,0,0,3
0,2,0,0.731083,0.957869,5.740924,0,0,3
0,2,0,-0.409063,0.585954,5.995946,0,0,3
0,2,0,0.659117,0.387649,6.530429,0,0,3
0,2,0,-0.511056,0.28006,6.875256,0,0,3
0,2,0,0.621176,0.3152,6.407008,0,0,3
0,2,0,-0.458917,0.771958,6.753477,0,0,3
0,2,0,0.56064,0.43166,6.159861,0,0,3
0,2,0,-0.595567,0.658639,6.486168,0,0,3
0,2,0,0.494336,1.138526,6.190201,0,0,3
0,2,0,-0.506692,0.984823,5.531627,0,0,3
0,2,0,-0.284113,0.034392,6.240981,0,0,3
0,2,0,0.53579,0.84682,5.83886,0,0,3
0,2,0,-0.48885,0.271553,6.183712,0,0,3
0,2,0,0.568733,0.532171,5.621426,0,0,3
0,2,0,-0.516115,0.321921,6.148904,0,0,3
0,2,0,-1.113591,0.340714,7.198832,0,0,3
0,2,0,0.059124,0.57379,6.929067,0,0,3
0,2,0,1.171405,0.891888,6.523705,0,0,3
0,2,0,1.053633,0.456123,5.392091,0,0,3
0,2,0,-0.142111,0.25083,5.549146,0,0,3
0,2,0,0.49665,1.246805,5.242305,0,0,3
0,2,0,-0.245959,0.300709,5.461848,0,0,3
0,2,0,0.764236,0.784735,4.963799,0,0,3
0,2,0,0.658129,0.509766,3.779346,0,0,3
0,2,0,-0.316524,0.398858,4.514655,0,0,3
0,2,0,0.698171,1.03764,4.270843,0,0,3
0,2,0,-0.301007,0.46522,4.695565,0,0,3
0,2,0,0.808438,0.937428,4.48112,0,0,3
0,2,0,-0.248626,0.474778,4.89457,0,0,3
0,2,0,0.782036,0.583908,4.267931,0,0,3
0,2,0,-0.35736,0.772877,4.681019,0,0,3
0,2,0,0.735672,0.670974,5.180622,0,0,3
0,2,0,-0.463993,0.742981,5.416055,0,0,3
0,2,0,0.446566,0.049145,4.985106,0,0,3
0,2,0,-0.584097,0.472348,5.489177,0,0,3
0,2,0,0.480525,0.82861,4.993577,0,0,3
0,2,0,-0.482229,0.231448,5.457017,0,0,3
0,2,0,0.464384,0.894457,5.822573,0,0,3
0,2,0,-0.406945,0.075124,5.579535,0,0,3
0,2,0,0.410159,0.831238,5.072548,0,0,3
0,2,0,-0.569779,0.297401,5.574612,0,0,3
0,2,0,-0.986232,1.085699,6.398584,0,0,3
0,2,0,0.04987,0.538969,6.038622,0,0,3
0,2,0,0.617036,0.261535,4.988939,0,0,3
0,2,0,-0.527474,0.256517,5.420199,0,0,3
0,2,0,0.512533,0.646401,4.89966,0,0,3
0,2,0,1.201356,0.535698,3.889321,0,0,3
0,2,0,0.067358,0.9764,4.026542,0,0,3
0,2,0,-0.219133,0.086842,4.810208,0,0,3
0,2,0,-0.253512,1.292392,4.925489,0,0,3
0,2,0,-0.760571,0.399036,5.58665,0,0,3
0,2,0,0.325946,0.484876,5.025764,0,0,3
0,2,0,-0.843082,0.82762,5.111797,0,0,3
0,2,0,-0.062113,0.22938,5.821731,0,0,3
0,2,0,-0.025741,1.444003,5.798399,0,0,3
0,2,0,-0.382102,0.320638,6.111404,0,0,3
0,2,0,0.699339,0.838366,5.877741,0,0,3
0,2,0,0.312024,0.681658,4.73409,0,0,3
0,2,0,-0.814787,0.562822,5.199725,0,0,3
0,2,0,0.045421,0.552891,6.049315,0,0,3
0,2,0,-0.903051,0.400743,6.801418,0,0,3
0,2,0,0.019883,0.135412,7.529565,0,0,3
0,2,0,0.3086,0.96385,6.68188,0,0,3
0,2,0,1.0621,0.830224,5.715799,0,0,3
0,2,0,-0.09762,0.579103,6.025419,0,0,3
0,2,0,0.814169,0.747273,5.218874,0,0,3
0,2,0,-0.375871,0.478745,5.3124,0,0,3
0,2,0,-0.869327,0.902019,6.335887,0,0,3
0,2,0,0.290978,0.521676,6.273691,0,0,3
0,2,0,-0.695356,1.153174,6.613163,0,0,3
0,2,0,-0.324307,0.141072,7.168648,0,0,3
0,2,0,0.716348,0.649469,6.769846,0,0,3
0,2,0,-0.41999,0.584906,7.219036,0,0,3
0,2,0,0.683004,0.677845,6.688068,0,0,3
0,2,0,0.28964,0.266482,5.610088,0,0,3
0,2,0,-0.62552,0.99832,5.959968,0,0,3
0,2,0,0.259035,0.20765,5.655097,0,0,3
0,2,0,-0.787007,0.347175,6.272857,0,0,3
0,2,0,0.421193,0.174665,6.367469,0,0,3
0,2,0,0.154736,1.312276,6.024478,0,0,3
0,2,0,0.386593,0.117476,6.078872,0,0,3
0,2,0,-0.128685,1.220872,6.150594,0,0,3
0,2,0,0.63833,0.645027,5.382799,0,0,3
0,2,0,-0.443324,0.412953,5.90987,0,0,3
0,2,0,-0.036754,0.007871,4.829224,0,0,3
0,2,0,0.011381,0.243982,6.014444,0,0,3
0,2,0,-0.627298,1.126631,6.564772,0,0,3
0,2,0,-0.049607,0.074628,6.767753,0,0,3
0,2,0,0.326292,1.159026,6.354132,0,0,3
0,2,0,0.812022,0.060489,6.133811,0,0,3
0,2,0,-0.288589,0.366392,6.569977,0,0,3
0,2,0,0.71172,-0.009809,5.974252,0,0,3
0,2,0,1.099338,1.02061,5.442221,0,0,3
0,2,0,0.109454,0.395756,5.80473,0,0,3
0,2,0,0.178084,-0.816445,5.677802,0,0,3
0,2,0,0.292418,0.255766,5.108258,0,0,3
0,2,0,-0.597344,0.904406,5.634953,0,0,3
0,2,0,0.143991,0.317674,4.850945,0,0,3
0,2,0,0.051865,1.304342,5.559571,0,0,3
0,2,0,0.485405,0.177708,5.35667,0,0,3
0,2,0,-0.198744,-0.674045,5.891455,0,0,3
0,2,0,-0.271429,0.538007,5.836565,0,0,3
0,2,0,-0.109732,-0.673717,5.800422,0,0,3
0,2,0,1.015978,-1.020216,5.459805,0,0,3
0,2,0,0.74096,-0.02058,4.825755,0,0,3
0,2,0,1.647736,0.809571,4.675146,0,0,3
0,2,0,2.77631,0.578819,4.199789,0,0,3
0,2,0,3.762734,-0.016181,3.744116,0,0,3
0,2,0,4.357154,-0.615527,2.854763,0,0,3
0,2,0,4.13737,0.454588,2.335295,0,0,3
0,2,0,5.150599,-0.259946,2.351471,0,0,3
0,2,0,6.346173,-0.323939,2.046093,0,0,3
0,2,0,5.392864,0.355027,2.339203,0,0,3
0,2,0,6.421314,-0.036344,1.770414,0,0,3
0,2,0,7.531205,0.406305,1.443781,0,0,3
0,2,0,8.441085,0.894325,0.766029,0,0,3
0,2,0,8.840768,2.037284,0.552452,0,0,3
0,2,0,9.83626,1.302884,0.49677,0,0,3
0,2,0,11.066763,1.427562,0.450132,0,0,3
0,2,0,12.206288,0.960282,0.400095,0,0,3
0,2,0,13.423264,0.924917,0.224779,0,0,3
0,2,0,14.630181,0.826984,0.163952,0,0,3
0,2,0,15.816893,0.883847,-0.041151,0,0,3
0,2,0,16.989805,0.848166,0.01758,0,0,3
0,2,0,18.109121,0.699135,-0.207293,0,0,3
0,2,0,19.179306,0.942125,-0.219016,0,0,3
0,2,0,19.347988,0.772356,0.759176,0,0,3
0,2,0,20.356012,0.898596,0.680615,0,0,3
0,2,0,19.955214,-0.068012,1.047738,0,0,3
0,2,0,20.659506,0.784617,1.000573,0,0,3
0,2,0,20.164902,1.361708,1.372707,0,0,3
0,2,0,20.374483,0.293978,1.640604,0,0,3
0,2,0,20.96944,1.050607,1.49323,0,0,3
0,2,0,20.926424,0.605814,1.604935,0,0,3
0,2,0,21.267593,1.461476,1.059337,0,0,3
0,2,0,21.494926,1.123374,0.481344,0,0,3
0,2,0,20.42454,0.891272,1.043605,0,0,3
0,2,0,20.821167,0.153801,0.905673,0,0,3
0,2,0,20.432966,1.063429,1.451674,0,0,3
0,2,0,20.647766,0.889512,2.187733,0,0,3
0,2,0,21.465851,0.589745,1.630302,0,0,3
0,2,0,20.627132,0.142472,2.317679,0,0,3
0,2,0,20.738037,0.69254,2.962065,0,0,3
0,2,0,21.624371,1.108606,2.485969,0,0,3
0,2,0,20.457048,1.056603,2.884843,0,0,3
0,2,0,20.081987,0.414745,3.752947,0,0,3
0,2,0,21.080662,0.651311,3.352873,0,0,3
0,2,0,20.309849,1.063856,2.605018,0,0,3
0,2,0,19.117617,0.779315,2.504556,0,0,3
0,2,0,18.895433,0.661923,3.604661,0,0,3
0,2,0,18.516716,1.786537,3.793315,0,0,3
0,2,0,18.884281,0.934582,3.105982,0,0,3
0,2,0,17.974291,0.251357,2.644078,0,0,3
0,2,0,17.42384,1.153458,3.077486,0,0,3
0,2,0,16.710003,1.643969,3.936628,0,0,3
0,2,0,15.890134,0.726201,3.792816,0,0,3
0,2,0,15.096146,-0.209255,3.969146,0,0,3
0,2,0,16.039351,0.331594,3.612078,0,0,3
0,2,0,14.841804,0.508105,3.875181,0,0,3
0,2,0,13.630772,0.482255,4.161773,0,0,3
0,2,0,12.547043,-0.125151,4.222944,0,0,3
0,2,0,11.35072,-0.269092,4.540283,0,0,3
0,2,0,10.121462,-0.443512,4.66712,0,0,3
0,2,0,8.89734,-0.68169,4.768206,0,0,3
0,2,0,7.676256,-0.733719,5.042927,0,0,3
0,2,0,7.354293,-0.444191,6.192398,0,0,3
0,2,0,6.143857,-0.728488,6.396659,0,0,3
0,2,0,4.916321,-0.961241,6.567587,0,0,3
0,2,0,3.791497,-1.514484,6.624155,0,0,3
0,2,0,2.537646,-1.512255,6.618478,0,0,3
0,2,0,1.588544,-0.74951,6.6176,0,0,3
0,2,0,1.360195,0.125409,5.794032,0,0,3
0,2,0,0.362769,0.824005,5.895873,0,0,3
0,2,0,1.05006,1.631519,5.278214,0,0,3
0,2,0,0.296334,0.669488,5.250481,0,0,3
0,2,0,1.367081,1.255129,5.186115,0,0,3
0,2,0,0.491134,0.432109,4.985562,0,0,3
0,2,0,-0.374727,0.746565,5.792401,0,0,3
0,2,0,-0.511099,-0.240286,6.473366,0,0,3
0,2,0,0.518951,0.296744,6.088062,0,0,3
0,2,0,0.319194,1.415021,5.649558,0,0,3
0,2,0,0.084275,0.219633,5.616565,0,0,3
0,2,0,0.936159,0.643501,4.841119,0,0,3
0,2,0,-0.254001,0.440295,5.046015,0,0,3
0,2,0,0.862671,0.723659,4.621629,0,0,3
0,2,0,-0.190755,0.273986,5.061623,0,0,3
0,2,0,0.786699,0.431086,4.339722,0,0,3
0,2,0,-0.329628,0.501002,4.84328,0,0,3
0,2,0,0.58308,-0.276973,4.607991,0,0,3
0,2,0,0.137319,0.83903,4.405358,0,0,3
0,2,0,0.7594,0.059092,3.694595,0,0,3
0,2,0,-0.314571,0.641804,3.703893,0,0,3
0,2,0,-1.23214,0.585851,4.513028,0,0,3
0,2,0,-0.029088,0.806202,4.476089,0,0,3
0,2,0,0.097908,-0.397975,4.61363,0,0,3
0,2,0,0.862944,0.182608,3.860464,0,0,3
0,2,0,-0.237238,0.256138,4.391581,0,0,3
0,2,0,-0.746965,0.079459,5.483471,0,0,3
0,2,0,0.324694,0.351527,4.955552,0,0,3
0,2,0,0.923983,1.222218,4.337752,0,0,3
0,2,0,-0.281429,1.027282,4.443535,0,0,3
0,2,0,0.783125,0.963431,3.828654,0,0,3
0,2,0,-0.331086,0.617145,4.206441,0,0,3
0,2,0,0.111827,-0.15461,5.036343,0,0,3
0,2,0,0.428914,0.493219,4.050657,0,0,3
0,2,0,-0.521885,0.30797,4.800289,0,0,3
0,2,0,0.58835,0.444131,4.299607,0,0,3
0,2,0,-0.372504,-0.265843,4.048509,0,0,3
0,2,0,0.522498,0.452506,3.627546,0,0,3
0,2,0,-0.449865,-0.13783,4.077024,0,0,3
0,2,0,-1.374345,0.539467,4.501441,0,0,3
0,2,0,-0.180545,0.357444,4.683231,0,0,3
0,2,0,0.722013,0.972111,4.125807,0,0,3
0,2,0,0.122868,1.565793,5.018847,0,0,3
0,2,0,-0.355741,0.439801,5.020094,0,0,3
0,2,0,-0.432579,-0.774506,4.915816,0,0,3
0,2,0,-1.031751,0.273283,5.098019,0,0,3
0,2,0,0.143505,0.463374,4.841261,0,0,3
0,2,0,-0.585287,1.424531,4.645177,0,0,3
0,2,0,-1.355779,0.590203,5.131452,0,0,3
0,2,0,-0.278346,0.231628,4.703481,0,0,3
0,2,0,-1.472472,0.171801,5.032528,0,0,3
0,2,0,-2.699361,0.057008,4.917634,0,0,3
0,2,0,-3.735757,-0.466602,5.318292,0,0,3
0,2,0,-3.976113,-1.436498,5.830763,0,0,3
0,2,0,-3.61997,-0.328472,5.479735,0,0,3
0,2,0,-4.451758,0.551567,5.29682,0,0,3
0,2,0,-5.220312,-0.352298,4.99233,0,0,3
0,2,0,-6.096018,-0.870413,5.649085,0,0,3
0,2,0,-7.035999,-0.163961,5.974267,0,0,3
0,2,0,-8.16437,0.306663,5.983469,0,0,3
0,2,0,-9.263512,0.611837,6.423916,0,0,3
0,2,0,-10.378863,0.646957,6.901992,0,0,3
0,2,0,-11.434417,1.106013,6.804159,0,0,3
0,2,0,-12.469787,1.372593,6.954703,0,0,3
0,2,0,-13.535823,1.549517,7.236575,0,0,3
0,2,0,-14.656221,1.384226,7.348553,0,0,3
0,2,0,-15.738909,1.434598,7.644756,0,0,3
0,2,0,-16.905441,1.566179,7.778454,0,0,3
0,2,0,-17.960735,1.223677,7.963033,0,0,3
0,2,0,-19.026251,1.5027,8.052245,0,0,3
0,2,0,-20.08704,1.609596,8.305203,0,0,3
0,2,0,-21.156294,1.463733,8.559896,0,0,3
0,2,0,-22.207506,1.426424,8.754498,0,0,3
0,2,0,-23.233833,1.365418,8.88099,0,0,3
0,2,0,-24.191746,1.149498,9.184132,0,0,3
0,2,0,-24.837595,0.877108,9.070506,0,0,3
0,2,0,-25.261862,1.037482,8.666374,0,0,3
0,2,0,-25.89514,1.511533,8.645792,0,0,3
0,2,0,-25.551966,1.391098,8.482432,0,0,3
0,2,0,-25.899935,0.702089,8.582379,0,0,3
0,2,0,-26.23558,0.337688,8.81216,0,0,3
0,2,0,-25.545837,0.556127,8.899096,0,0,3
0,2,0,-25.269997,0.762874,8.968588,0,0,3
0,2,0,-24.90354,0.558017,8.926525,0,0,3
0,2,0,-24.471035,0.706816,8.553457,0,0,3
0,2,0,-23.964243,1.069766,8.526079,0,0,3
0,2,0,-24.336563,1.751741,8.771992,0,0,3
0,2,0,-23.424694,1.675392,8.67239,0,0,3
0,2,0,-23.736538,1.617578,9.051729,0,0,3
0,2,0,-24.102436,1.439273,9.192339,0,0,3
0,2,0,-24.114225,1.356025,9.40593,0,0,3
0,2,0,-23.197571,1.279354,8.80529,0,0,3
0,2,0,-23.779222,1.244272,9.196478,0,0,3
0,2,0,-24.531956,1.126073,9.211862,0,0,3
0,2,0,-23.480848,1.243999,8.653595,0,0,3
0,2,0,-23.620823,0.498232,8.729025,0,0,3
0,2,0,-23.450457,0.726283,8.737194,0,0,3
0,2,0,-23.782839,0.90407,8.845974,0,0,3
0,2,0,-22.937592,0.991704,8.593555,0,0,3
0,2,0,-22.581594,1.178764,8.736713,0,0,3
0,2,0,-22.748472,1.861023,9.007675,0,0,3
0,2,0,-23.230404,1.534684,9.209989,0,0,3
0,2,0,-22.581852,1.027558,9.035299,0,0,3
0,2,0,-22.963488,0.93815,9.125757,0,0,3
0,2,0,-22.235615,1.320037,8.343929,0,0,3
0,2,0,-22.654678,1.632758,8.486304,0,0,3
0,2,0,-21.797852,1.53367,8.061778,0,0,3
0,2,0,-22.06008,2.135507,8.368947,0,0,3
0,2,0,-21.938219,1.111588,8.49593,0,0,3
0,2,0,-20.876951,1.463693,8.095948,0,0,3
0,2,0,-19.832685,1.778212,7.535858,0,0,3
0,2,0,-20.20558,1.397304,8.085958,0,0,3
0,2,0,-19.23542,2.063183,8.144965,0,0,3
0,2,0,-18.466803,1.787154,7.949889,0,0,3
0,2,0,-18.915831,1.856145,8.308908,0,0,3
0,2,0,-19.433798,1.310422,8.392896,0,0,3
0,2,0,-18.384804,0.769971,8.29835,0,0,3
0,2,0,-17.637228,1.356018,8.085186,0,0,3
0,2,0,-16.644453,1.484232,7.329603,0,0,3
0,2,0,-17.361553,1.159716,7.529991,0,0,3
0,2,0,-16.205162,0.901385,7.130278,0,0,3
0,2,0,-15.033337,0.798769,6.689843,0,0,3
0,2,0,-14.227378,1.498076,6.315806,0,0,3
0,2,0,-13.260765,0.811123,6.378735,0,0,3
0,2,0,-12.096275,0.409612,6.534904,0,0,3
0,2,0,-11.080132,0.329646,7.007642,0,0,3
0,2,0,-11.880166,-0.007783,7.547912,0,0,3
0,2,0,-10.63137,0.094976,7.477422,0,0,3
0,2,0,-9.412968,0.241491,7.205803,0,0,3
0,2,0,-8.187772,0.275761,6.910795,0,0,3
0,2,0,-6.925985,0.141242,6.814436,0,0,3
0,2,0,-6.361593,1.06624,6.199008,0,0,3
0,2,0,-5.102784,0.894375,6.112168,0,0,3
0,2,0,-3.95164,1.243278,5.720804,0,0,3
0,2,0,-2.881738,0.619064,5.628397,0,0,3
0,2,0,-1.675708,0.84257,5.540796,0,0,3
0,2,0,-2.101904,1.982135,5.61197,0,0,3
0,2,0,-1.338256,1.045438,5.416841,0,0,3
0,2,0,-0.13724,1.213302,5.229066,0,0,3
0,2,0,-0.893092,0.257684,5.329368,0,0,3
0,2,0,0.052862,0.970835,5.018789,0,0,3
0,2,0,-0.017847,-0.141585,4.522045,0,0,3
0,2,0,-0.122987,1.071219,4.495877,0,0,3
0,2,0,-0.846665,0.429009,5.247635,0,0,3
0,2,0,0.148863,0.564837,4.543101,0,0,3
0,2,0,-0.605834,0.453743,5.497756,0,0,3
0,2,0,0.450556,0.806935,4.979334,0,0,3
0,2,0,-0.637035,0.323773,5.258885,0,0,3
0,2,0,0.469652,0.735733,4.92973,0,0,3
0,2,0,-0.650816,0.257713,5.025056,0,0,3
0,2,0,0.548367,0.417131,4.84596,0,0,3
0,2,0,-0.513807,0.577326,4.270817,0,0,3
0,2,0,-0.322902,0.429513,5.457397,0,0,3
0,2,0,0.810687,0.699076,5.071012,0,0,3
0,2,0,-0.362419,0.437886,5.300451,0,0,3
0,2,0,-0.881087,0.011584,6.316116,0,0,3
0,2,0,-0.598919,0.979762,6.983516,0,0,3
0,2,0,0.441884,0.721056,6.379061,0,0,3
0,2,0,-0.70584,0.998582,6.698558,0,0,3
0,2,0,0.380525,0.471575,6.491471,0,0,3
0,2,0,-0.591516,0.966796,7.045571,0,0,3
0,2,0,0.460897,0.75798,6.442142,0,0,3
0,2,0,0.614346,0.685113,5.229338,0,0,3
0,2,0,-0.507405,0.96836,5.638013,0,0,3
0,2,0,0.496387,0.473191,5.13467,0,0,3
0,2,0,-0.568132,0.744284,5.679395,0,0,3
0,2,0,0.575194,0.39814,5.435573,0,0,3
0,2,0,-0.57155,0.32545,5.857078,0,0,3
0,2,0,0.538251,0.832158,5.823459,0,0,3
0,2,0,0.549266,0.232757,4.758957,0,0,3
0,2,0,-0.489633,0.320347,5.398835,0,0,3
0,2,0,0.568863,-0.026033,5.846653,0,0,3
0,2,0,-0.212416,0.879791,5.605117,0,0,3
0,2,0,-0.01529,0.520062,6.728786,0,0,3
0,2,0,0.856854,0.552717,5.864233,0,0,3
0,2,0,0.714127,0.603162,4.654343,0,0,3
0,2,0,-0.32374,0.618498,5.311141,0,0,3
0,2,0,-0.72279,1.158279,6.321611,0,0,3
0,2,0,0.453543,0.933598,6.056982,0,0,3
0,2,0,-0.425075,0.436265,6.751341,0,0,3
0,2,0,0.49649,0.605943,5.958002,0,0,3
0,2,0,-0.595156,0.403485,6.471787,0,0,3
0,2,0,0.495385,0.92473,6.345939,0,0,3
0,2,0,-0.630285,0.769961,6.807242,0,0,3
0,2,0,0.434904,0.763558,6.19298,0,0,3
0,2,0,-0.608174,0.337812,6.665934,0,0,3
0,2,0,0.435112,0.502666,6.040843,0,0,3
0,2,0,-0.770846,0.434505,6.232033,0,0,3
0,2,0,0.411442,0.568774,5.942493,0,0,3
0,2,0,1.006238,0.924921,4.92887,0,0,3
0,2,0,-0.067729,0.495761,5.341696,0,0,3
0,2,0,-0.75685,1.035127,6.190816,0,0,3
0,2,0,0.275701,0.430739,5.928644,0,0,3
0,2,0,1.333182,1.040752,5.876978,0,0,3
0,2,0,0.429594,0.540931,5.236573,0,0,3
0,2,0,-0.584792,0.558192,5.926075,0,0,3
0,2,0,0.60249,0.479989,5.635933,0,0,3
0,2,0,-0.54115,0.142056,5.912391,0,0,3
0,2,0,0.26444,0.995502,5.571496,0,0,3
0,2,0,-0.719422,0.574704,6.174428,0,0,3
0,2,0,0.426491,0.151267,6.123805,0,0,3
0,2,0,-0.42199,0.866284,6.633866,0,0,3
0,2,0,0.672181,0.670688,6.112162,0,0,3
0,2,0,-0.336825,1.353669,6.057673,0,0,3
0,2,0,0.327911,0.351621,5.84543,0,0,3
0,2,0,-0.750898,0.825512,6.171361,0,0,3
0,2,0,0.170426,0.0596,5.928173,0,0,3
0,2,0,-0.262034,1.174543,6.150374,0,0,3
0,2,0,-0.017266,-0.001745,6.338605,0,0,3
0,2,0,-0.804079,0.707369,6.932302,0,0,3
0,2,0,0.319903,0.708891,6.434562,0,0,3
0,2,0,-0.867807,0.507323,6.253951,0,0,3
0,2,0,0.31824,0.614797,5.961043,0,0,3
0,2,0,-0.690922,0.392802,6.616681,0,0,3
0,2,0,0.404627,0.706942,6.163183,0,0,3
0,2,0,0.504003,0.005407,5.165005,0,0,3
0,2,0,-0.109638,0.952961,4.706716,0,0,3
0,2,0,-0.5018,-0.138253,5.074346,0,0,3
0,2,0,-0.475584,1.015359,5.461146,0,0,3
0,2,0,0.092067,-0.046976,5.647922,0,0,3
0,2,0,0.894975,0.656157,5.048983,0,0,3
0,2,0,-0.241662,0.61079,5.512276,0,0,3
0,2,0,0.783645,0.625327,4.83518,0,0,3
0,2,0,-0.407457,0.507085,5.103001,0,0,3
0,2,0,0.051743,0.222459,6.172445,0,0,3
0,2,0,0.798221,0.906795,5.481638,0,0,3
0,2,0,-0.334565,0.497801,5.281314,0,0,3
0,2,0,0.771928,0.50651,4.747377,0,0,3
0,2,0,-0.293145,0.743029,5.308194,0,0,3
0,2,0,-0.221966,-0.29276,5.935526,0,0,3
0,2,0,0.306552,0.759441,5.610643,0,0,3
0,2,0,-0.545804,0.134456,6.222524,0,0,3
0,2,0,0.450238,0.706179,5.795211,0,0,3
0,2,0,-0.705779,0.310867,5.810537,0,0,3
0,2,0,0.441047,0.523493,5.430307,0,0,3
0,2,0,-0.619646,0.507199,6.046641,0,0,3
0,2,0,0.510978,0.764148,5.644009,0,0,3
0,2,0,-0.587083,0.499591,5.189529,0,0,3
0,2,0,0.572062,0.662769,4.821328,0,0,3
0,2,0,-0.534508,0.446379,5.303761,0,0,3
0,2,0,0.684492,0.506513,5.342518,0,0,3
0,2,0,-0.417381,0.296963,5.833882,0,0,3
0,2,0,0.600166,0.437938,5.165739,0,0,3
0,2,0,-0.590175,0.177557,5.287139,0,0,3
0,2,0,0.38749,0.815584,4.920738,0,0,3
0,2,0,-0.550906,0.108167,5.254941,0,0,3
0,2,0,0.527034,0.627392,5.479867,0,0,3
0,2,0,-0.515236,0.749286,6.114432,0,0,3
0,2,0,0.58313,0.240397,5.957318,0,0,3
0,2,0,-0.49619,0.697163,6.302844,0,0,3
0,2,0,0.209988,0.160186,7.099655,0,0,3
0,2,0,0.918848,0.372914,6.125064,0,0,3
0,2,0,0.570918,0.990791,5.134151,0,0,3
0,2,0,-0.460087,0.614867,5.68574,0,0,3
0,2,0,0.463093,0.585355,4.876708,0,0,3
0,2,0,-0.600241,0.353022,5.438203,0,0,3
0,2,0,0.570383,0.411566,5.084303,0,0,3
0,2,0,-0.502539,0.725631,5.588628,0,0,3
0,2,0,-0.540469,0.364112,6.726562,0,0,3
0,2,0,0.517685,0.78598,6.269457,0,0,3
0,2,0,-0.376309,0.391046,7.004721,0,0,3
0,2,0,0.176897,0.895768,7.869284,0,0,3
0,2,0,1.05327,0.432246,7.142191,0,0,3
0,2,0,-0.16375,0.553308,7.163638,0,0,3
0,2,0,0.46451,0.284827,7.943162,0,0,3
0,2,0,0.688831,0.467289,6.756151,0,0,3
0,2,0,-0.414746,0.37141,7.272358,0,0,3
0,2,0,0.43508,1.115076,6.799648,0,0,3
0,2,0,-0.134962,0.131235,6.362312,0,0,3
0,2,0,0.625868,0.909617,5.798493,0,0,3
0,2,0,-0.360384,0.193958,5.901003,0,0,3
0,2,0,0.15452,1.283862,5.977725,0,0,3
0,2,0,-0.166754,0.110365,6.062181,0,0,3
0,2,0,-0.09893,1.312802,6.208942,0,0,3
0,2,0,0.446727,0.223955,6.245961,0,0,3
0,2,0,0.971535,0.540981,5.184803,0,0,3
0,2,0,-0.245894,0.471681,5.297476,0,0,3
0,2,0,0.178041,1.589721,5.283658,0,0,3
0,2,0,0.493935,0.650779,4.56638,0,0,3
0,2,0,-0.590716,0.415393,5.087945,0,0,3
0,2,0,0.599008,0.668077,4.967326,0,0,3
0,2,0,-0.540847,0.453979,5.36154,0,0,3
0,2,0,0.648939,0.67824,5.502727,0,0,3
0,2,0,-0.130539,0.087314,4.776549,0,0,3
0,2,0,-1.080451,0.805753,5.044816,0,0,3
0,2,0,-0.240096,0.494411,5.860401,0,0,3
0,2,0,0.802181,0.557422,5.218613,0,0,3
0,2,0,-0.284101,0.599026,5.787006,0,0,3
0,2,0,-0.301545,0.60876,6.991178,0,0,3
0,2,0,0.7831,0.553058,6.415244,0,0,3
0,2,0,-0.344198,0.57581,6.896656,0,0,3
0,2,0,-0.516541,1.138084,7.891006,0,0,3
0,2,0,0.617308,0.854553,7.510146,0,0,3
0,2,0,1.073361,0.15846,6.611528,0,0,3
0,2,0,-0.025232,0.689162,6.67204,0,0,3
0,2,0,-0.643907,-0.14892,6.093291,0,0,3
0,2,0,-0.867548,0.782919,6.834589,0,0,3
0,2,0,0.289418,0.47778,6.577007,0,0,3
0,2,0,-0.061402,1.064955,5.569613,0,0,3
0,2,0,0.943454,1.163236,4.8608,0,0,3
0,2,0,-0.215341,1.078653,5.263121,0,0,3
0,2,0,-0.679241,0.184676,5.9508,0,0,3
0,2,0,0.242945,0.899493,5.58344,0,0,3
0,2,0,-0.705436,0.436943,6.206065,0,0,3
0,2,0,0.288097,1.034185,6.548561,0,0,3
0,2,0,0.237344,0.205524,5.654801,0,0,3
0,2,0,1.067472,0.836104,5.008384,0,0,3
0,2,0,-0.144499,0.664226,5.029149,0,0,3
0,2,0,0.800627,1.32064,5.38336,0,0,3
0,2,0,-0.228174,0.706189,5.645082,0,0,3
0,2,0,0.828001,0.563635,5.03556,0,0,3
0,2,0,-0.368065,0.787434,5.172434,0,0,3
0,2,0,0.594712,0.61761,4.425983,0,0,3
0,2,0,-0.542992,0.559996,4.880071,0,0,3
0,2,0,0.53482,0.049959,4.61058,0,0,3
0,2,0,-0.376929,0.73082,5.060334,0,0,3
0,2,0,-0.66786,-0.030602,5.964202,0,0,3
0,2,0,0.302785,0.428116,5.37687,0,0,3
0,2,0,1.092476,0.612919,4.453098,0,0,3
0,2,0,0.090663,0.310517,5.093409,0,0,3
0,2,0,-0.848618,0.450166,5.864832,0,0,3
0,2,0,0.364916,0.590639,5.861614,0,0,3
0,2,0,-0.761316,0.509941,6.333206,0,0,3
0,2,0,0.449756,0.494895,6.158383,0,0,3
0,2,0,-0.735334,0.64894,6.415429,0,0,3
0,2,0,0.366656,0.466091,5.908724,0,0,3
0,2,0,-0.639582,0.718865,6.561801,0,0,3
0,2,0,0.536606,0.568561,6.257111,0,0,3
0,2,0,-0.40015,-0.190438,6.445457,0,0,3
0,2,0,0.085527,0.639856,5.689577,0,0,3
0,2,0,0.637287,0.880696,4.619354,0,0,3
0,2,0,-0.37704,0.664275,5.278936,0,0,3
0,2,0,0.501895,0.458096,6.076129,0,0,3
0,2,0,-0.449871,1.159716,6.381436,0,0,3
0,2,0,-0.242739,-0.016891,6.617836,0,0,3
0,2,0,0.604317,0.799557,6.281765,0,0,3
0,2,0,-0.273961,-0.043992,6.206747,0,0,3
0,2,0,0.608514,0.576461,5.628848,0,0,3
0,2,0,-0.359145,0.493472,4.893535,0,0,3
0,2,0,0.033202,1.60963,4.595987,0,0,3
0,2,0,-0.353642,0.468194,4.788516,0,0,3
0,2,0,0.642288,0.456165,4.069263,0,0,3
0,2,0,-0.401448,0.593023,4.697754,0,0,3
0,2,0,-0.544396,0.876104,5.86894,0,0,3
0,2,0,0.484207,0.458945,5.344979,0,0,3
0,2,0,-0.614562,0.880716,5.68433,0,0,3
0,2,0,0.399781,0.338567,5.257592,0,0,3
0,2,0,-0.596832,0.892157,5.703311,0,0,3
0,2,0,0.468638,0.661941,5.133699,0,0,3
0,2,0,-0.3877,0.778434,4.279555,0,0,3
0,2,0,0.28958,-0.23504,4.330189,0,0,3
0,2,0,-0.476579,0.52141,4.905502,0,0,3
0,2,0,-0.522323,0.808462,6.079101,0,0,3
0,2,0,0.546787,0.376996,5.662168,0,0,3
0,2,0,-0.501107,0.917971,5.99462,0,0,3
0,2,0,-0.429466,-0.10415,6.641216,0,0,3
0,2,0,0.658534,0.414798,6.435936,0,0,3
0,2,0,-0.314063,0.358345,5.702353,0,0,3
0,2,0,-1.157404,0.380022,6.582723,0,0,3
0,2,0,0.006597,0.40484,6.197264,0,0,3
0,2,0,-0.884673,0.685522,6.983276,0,0,3
0,2,0,0.168556,0.695343,6.348489,0,0,3
0,2,0,0.498684,1.597283,6.480036,0,0,3
0,2,0,-0.176238,0.591596,6.636078,0,0,3
0,2,0,0.952131,0.947083,6.583925,0,0,3
0,2,0,-0.025341,0.669967,5.918536,0,0,3
0,2,0,0.094968,-0.029384,4.923594,0,0,3
0,2,0,0.170349,-1.245926,4.946443,0,0,3
0,2,0,-0.362233,-0.189432,5.237986,0,0,3
0,2,0,0.513514,0.654568,5.322599,0,0,3
0,2,0,-0.553135,1.103429,5.73144,0,0,3
0,2,0,0.410974,0.445255,5.355809,0,0,3
0,2,0,-0.666896,0.524934,4.789295,0,0,3
0,2,0,0.387247,0.405362,4.17482,0,0,3
0,2,0,-0.122585,1.483911,3.921693,0,0,3
0,2,0,0.194606,0.481974,4.536657,0,0,3
0,2,0,0.690768,1.5759,4.740986,0,0,3
0,2,0,1.460989,0.703602,4.351202,0,0,3
0,2,0,2.600193,1.04721,4.609086,0,0,3
0,2,0,1.454249,0.673483,4.842492,0,0,3
0,2,0,0.263333,0.657672,5.135724,0,0,3
0,2,0,-0.802184,0.956366,5.669885,0,0,3
0,2,0,-0.160776,-0.042896,5.936835,0,0,3
0,2,0,0.654963,0.853652,5.801024,0,0,3
0,2,0,-0.49474,0.437431,5.780189,0,0,3
0,2,0,0.587556,0.575917,5.22298,0,0,3
0,2,0,-0.576235,0.812202,5.524926,0,0,3
0,2,0,0.273772,0.072242,5.051042,0,0,3
0,2,0,-0.458351,-0.741379,5.573514,0,0,3
0,2,0,0.039492,0.366352,5.390787,0,0,3
0,2,0,0.03504,-0.648392,4.734224,0,0,3
0,2,0,-0.130549,0.562491,4.581612,0,0,3
0,2,0,1.06909,0.415642,4.402428,0,0,3
0,2,0,1.177735,1.649355,4.39818,0,0,3
0,2,0,0.591907,2.662924,4.817686,0,0,3
0,2,0,1.634967,3.19419,4.399519,0,0,3
0,2,0,0.450364,3.135923,4.770049,0,0,3
0,2,0,-0.161019,2.186481,5.242563,0,0,3
0,2,0,-0.323019,3.39578,5.349825,0,0,3
0,2,0,0.029324,4.557372,5.098785,0,0,3
0,2,0,0.160072,5.749361,4.784327,0,0,3
0,2,0,0.819073,4.774996,4.964727,0,0,3
0,2,0,-0.226211,5.439069,5.148493,0,0,3
0,2,0,0.39153,6.482646,4.843146,0,0,3
0,2,0,-0.280152,7.526246,5.010518,0,0,3
0,2,0,0.734207,7.590236,4.203882,0,0,3
0,2,0,-0.150435,8.470281,4.478766,0,0,3
0,2,0,-0.29203,9.710967,4.463691,0,0,3
0,2,0,-0.494013,10.933899,4.463852,0,0,3
0,2,0,-0.214937,12.130607,4.405541,0,0,3
0,2,0,-0.430018,13.32891,4.446905,0,0,3
0,2,0,-0.650214,14.506487,4.489639,0,0,3
0,2,0,-1.154727,15.57829,4.646998,0,0,3
0,2,0,-1.320161,16.711273,4.656345,0,0,3
0,2,0,-1.586267,17.801979,4.742785,0,0,3
0,2,0,-2.015196,18.67745,4.8831,0,0,3
0,2,0,-0.972795,18.098429,4.429785,0,0,3
0,2,0,-1.684226,17.167301,4.678761,0,0,3
0,2,0,-2.473977,17.957586,5.032673,0,0,3
0,2,0,-2.287068,18.961109,4.913097,0,0,3
0,2,0,-2.266866,18.485004,4.978539,0,0,3
0,2,0,-2.612018,19.305105,5.091822,0,0,3
0,2,0,-1.715478,19.125944,4.638016,0,0,3
0,2,0,-1.015629,18.735445,4.31438,0,0,3
0,2,0,-2.102731,18.649469,4.772124,0,0,3
0,2,0,-1.623585,17.877184,4.558455,0,0,3
0,2,0,-2.616751,17.316851,5.008721,0,0,3
0,2,0,-1.541206,16.797485,4.568509,0,0,3
0,2,0,-1.911378,15.847476,4.5088,0,0,3
0,2,0,-2.210029,15.403946,4.696018,0,0,3
0,2,0,-3.240158,15.468645,5.164353,0,0,3
0,2,0,-2.38136,14.544809,4.865068,0,0,3
0,2,0,-1.380483,13.838614,4.531259,0,0,3
0,2,0,-1.693684,12.710204,4.507276,0,0,3
0,2,0,-0.5863,12.139048,4.032378,0,0,3
0,2,0,0.030477,11.05636,3.684653,0,0,3
0,2,0,-0.360928,9.85971,3.820308,0,0,3
0,2,0,-0.147415,8.636178,3.828721,0,0,3
0,2,0,-0.532262,7.435594,4.033013,0,0,3
0,2,0,0.017062,6.301712,3.742025,0,0,3
0,2,0,-1.141033,6.592526,3.892685,0,0,3
0,2,0,0.032194,6.800092,3.583563,0,0,3
0,2,0,0.175118,5.60006,3.57312,0,0,3
0,2,0,0.586109,4.472004,3.355537,0,0,3
0,2,0,0.298789,3.287658,3.392519,0,0,3
0,2,0,1.367066,2.972074,2.820784,0,0,3
0,2,0,0.980488,1.816841,2.784398,0,0,3
0,2,0,-0.114298,1.312225,3.017253,0,0,3
0,2,0,0.357446,0.191126,3.126894,0,0,3
0,2,0,-0.543489,-0.320839,2.479922,0,0,3
0,2,0,0.469484,0.272684,2.142419,0,0,3
0,2,0,-0.65372,0.270398,2.63127,0,0,3
0,2,0,0.434619,0.58343,2.161801,0,0,3
0,2,0,-0.536022,-0.094481,2.47505,0,0,3
0,2,0,-0.285054,-1.279728,2.3526,0,0,3
0,2,0,-0.052259,-0.105259,2.125122,0,0,3
0,2,0,0.804484,0.761096,2.181859,0,0,3
0,2,0,-0.317856,0.909904,2.660189,0,0,3
0,2,0,0.732433,0.333625,2.411152,0,0,3
0,2,0,-0.396985,-0.068954,2.659708,0,0,3
0,2,0,0.755652,0.22327,2.375839,0,0,3
0,2,0,-0.439179,0.433197,2.537207,0,0,3
0,2,0,0.775382,0.303326,2.489461,0,0,3
0,2,0,-0.107607,1.081611,2.175975,0,0,3
0,2,0,-0.764343,0.81729,3.182273,0,0,3
0,2,0,0.331188,0.500021,2.73078,0,0,3
0,2,0,-0.589413,0.823579,3.478151,0,0,3
0,2,0,0.611458,0.799801,3.687979,0,0,3
0,2,0,-0.244856,0.157541,3.108274,0,0,3
0,2,0,0.047735,1.070228,2.348821,0,0,3
0,2,0,-0.463883,-0.02051,2.55016,0,0,3
0,2,0,-0.321221,1.124475,2.946355,0,0,3
0,2,0,-0.011276,-0.050537,2.828586,0,0,3
0,2,0,0.656771,0.924233,2.519864,0,0,3
0,2,0,-0.392806,0.434843,2.92067,0,0,3
0,2,0,0.121751,1.536345,2.995624,0,0,3
0,2,0,-0.561073,0.653332,3.501632,0,0,3
0,2,0,0.618952,0.891946,3.266005,0,0,3
0,2,0,1.580234,0.616866,2.547512,0,0,3
0,2,0,0.662581,1.352709,2.885239,0,0,3
0,2,0,0.136813,2.442624,2.908113,0,0,3
0,2,0,0.484507,1.270762,2.708632,0,0,3
0,2,0,-0.353729,0.512715,3.223419,0,0,3
0,2,0,-0.914908,-0.196853,4.06361,0,0,3
0,2,0,-0.015213,-1.053524,4.112135,0,0,3
0,2,0,0.038795,-2.231171,4.531662,0,0,3
0,2,0,-0.439331,-3.390713,4.417921,0,0,3
0,2,0,-0.349283,-4.623605,4.209089,0,0,3
0,2,0,-0.586968,-5.825728,3.937742,0,0,3
0,2,0,-1.310721,-6.76872,4.229407,0,0,3
0,2,0,-1.761555,-7.914878,4.311628,0,0,3
0,2,0,-2.135859,-9.08043,4.388545,0,0,3
0,2,0,-2.093567,-10.256974,4.041101,0,0,3
0,2,0,-1.92322,-11.455574,4.050875,0,0,3
0,2,0,-2.031594,-12.640913,4.010415,0,0,3
0,2,0,-2.04415,-13.835862,4.034019,0,0,3
0,2,0,-1.901261,-14.983235,4.012527,0,0,3
0,2,0,-2.269082,-16.011225,3.774377,0,0,3
0,2,0,-2.181649,-16.986322,3.995731,0,0,3
0,2,0,-1.078641,-16.977879,4.745659,0,0,3
0,2,0,-0.519347,-16.006897,5.405501,0,0,3
0,2,0,-0.191397,-14.824052,5.675116,0,0,3
0,2,0,-0.197011,-13.619053,5.45038,0,0,3
0,2,0,0.84265,-13.20062,5.151336,0,0,3
0,2,0,0.840755,-12.40426,4.243034,0,0,3
0,2,0,0.21773,-11.677673,4.848867,0,0,3
0,2,0,1.249305,-11.184542,4.649538,0,0,3
0,2,0,0.85596,-11.447208,5.599662,0,0,3
0,2,0,1.706527,-12.147759,5.522005,0,0,3
0,2,0,0.903759,-12.523311,6.12023,0,0,3
0,2,0,0.826342,-13.622197,6.192523,0,0,3
0,2,0,0.978173,-14.519594,5.660156,0,0,3
0,2,0,0.652266,-15.459432,5.122754,0,0,3
0,2,0,0.215143,-16.222471,5.375044,0,0,3
0,2,0,-0.069277,-16.936102,5.537459,0,0,3
0,2,0,0.823585,-17.268059,5.184649,0,0,3
0,2,0,0.606088,-18.0966,5.263859,0,0,3
0,2,0,1.223082,-18.274323,5.713974,0,0,3
0,2,0,0.922244,-18.28426,5.173912,0,0,3
0,2,0,1.235584,-17.663237,4.728909,0,0,3
0,2,0,2.474517,-17.383183,5.109376,0,0,3
0,2,0,1.568186,-16.550524,5.119525,0,0,3
0,2,0,1.421715,-15.2982,5.073649,0,0,3
0,2,0,1.327162,-14.088004,4.708742,0,0,3
0,2,0,1.098199,-12.86623,4.425004,0,0,3
0,2,0,1.037358,-11.598237,4.41182,0,0,3
0,2,0,-0.058528,-11.215925,4.674911,0,0,3
0,2,0,-0.184424,-9.961761,4.662366,0,0,3
0,2,0,-0.267233,-8.700061,4.668795,0,0,3
0,2,0,-0.146291,-7.440513,4.630024,0,0,3
0,2,0,0.026422,-6.189042,4.49465,0,0,3
0,2,0,1.06154,-5.498624,4.738541,0,0,3
0,2,0,1.01888,-4.281264,4.74282,0,0,3
0,2,0,1.501129,-3.214438,5.076238,0,0,3
0,2,0,0.294059,-3.248903,5.220021,0,0,3
0,2,0,0.0885,-2.050223,5.21044,0,0,3
0,2,0,0.298367,-3.243897,5.352111,0,0,3
0,2,0,-0.471792,-2.303376,5.45041,0,0,3
0,2,0,0.733935,-2.136436,5.365014,0,0,3
0,2,0,0.033765,-1.140317,5.458147,0,0,3
0,2,0,1.141908,-1.111629,5.989162,0,0,3
0,2,0,0.340995,-0.188188,6.015845,0,0,3
0,2,0,0.020328,-1.045785,6.811164,0,0,3
0,2,0,0.220198,0.150563,6.938476,0,0,3
0,2,0,-0.113676,-0.942045,7.340508,0,0,3
0,2,0,0.214935,0.226909,7.218859,0,0,3
0,2,0,1.40802,0.470693,7.164051,0,0,3
0,2,0,0.280899,0.92408,7.034526,0,0,3
0,2,0,1.143921,0.068129,6.963641,0,0,3
0,2,0,0.332026,0.980916,7.004885,0,0,3
0,2,0,0.973677,0.096924,6.476912,0,0,3
0,2,0,1.806794,0.988495,6.455709,0,0,3
0,2,0,0.694323,0.480944,6.476018,0,0,3
0,2,0,0.67984,-0.212786,5.472012,0,0,3
0,2,0,-0.26223,0.1949,6.130606,0,0,3
0,2,0,-0.33174,-1.021964,6.170768,0,0,3
0,2,0,0.42555,-0.093462,5.945648,0,0,3
0,2,0,-0.778074,-0.197302,6.138377,0,0,3
0,2,0,-0.058042,-0.397668,5.174287,0,0,3
0,2,0,1.133549,-0.176908,5.342291,0,0,3
0,2,0,0.103328,0.474113,5.439869,0,0,3
0,2,0,0.509114,0.467745,6.575653,0,0,3
0,2,0,-0.440161,0.023479,5.948093,0,0,3
0,2,0,-0.898342,-0.331924,7.006324,0,0,3
0,2,0,0.074115,0.278969,6.591049,0,0,3
0,2,0,-0.054362,1.125322,5.722868,0,0,3
0,2,0,0.254319,0.876649,6.817211,0,0,3
0,2,0,-0.729495,0.310066,7.271504,0,0,3
0,2,0,0.37347,0.656688,6.866609,0,0,3
0,2,0,-0.001277,1.681029,6.351813,0,0,3
0,2,0,-0.219568,0.482648,6.367376,0,0,3
0,2,0,0.91199,0.728732,5.963092,0,0,3
0,2,0,-0.171074,0.278755,6.313735,0,0,3
0,2,0,-0.284079,-0.55851,7.175641,0,0,3
0,2,0,0.638865,0.070055,6.68432,0,0,3
0,2,0,-0.544555,0.164422,6.972015,0,0,3
0,2,0,-0.511878,1.248032,7.497392,0,0,3
0,2,0,0.396871,0.714659,6.862605,0,0,3
0,2,0,0.044857,0.420385,5.73306,0,0,3
0,2,0,-0.013418,1.617378,5.904376,0,0,3
0,2,0,-0.136473,0.434986,6.170216,0,0,3
